name,acquired,revenueValue,valuationValue,fundingValue,employeeCount,founded,companyAge,employeeGrowthEncoded,categoryEncoded,stageEncoded,revenueMultiple,burnRateProxy,fundingPerEmployee,competitorCount,competitorsInTracker,investorCount,hasTopTierVC,topTierVCCount,acquirerPredictedCount,categoryDensity,investorOverlapScore,topAcquirerMentionScore,mentionedAsAcquirerCount,sharedInvestorsWithAcquired,monthsSinceRound,hasGithub,githubWeeklyCommits,githubTotalStars,githubRepoCount,newsCount,hnMentions,hasWikipedia,wikiMonthlyViews,patentCount,paperCount,hasAppStore,appRating,appRatingCount,hasProductHunt,hasTranco,trancoRank,leadershipCount,secFilingCount,hasYC,maRiskScore
"15Five",0,50,,79000000,325,2011,15,1,0,4,,4,243,3,2,3,0,0,3,141,8,21,0,0,56,1,,3,[object Object],[object Object],[object Object],5,25,0,0,0,0,1,4.66,6506,1,1,74508,2,0,0,32
"1X Technologies",0,,,125000000,90,2014,12,3,1,,,,1389,0,0,3,1,1,0,114,46,0,0,2,,0,,0,,5,1,1,8914,0,0,0,,,1,1,153723,1,0,0,60
"6sense",0,200,5200,426000000,1580,2013,13,2,0,6,26,5,270,3,2,3,1,3,3,141,104,139,0,2,56,0,,0,,5,6,0,0,0,0,1,5,4,1,1,14093,1,0,0,36
"ABBYY",0,200,,0,958,1989,37,1,0,,,,,3,2,1,0,0,3,141,1,132,0,0,,1,,126,[object Object],[object Object],[object Object],5,6,1,2251,0,0,1,4.75,19250,1,1,27468,1,0,0,44
"Abnormal Security",0,100,4000,284000000,550,2018,8,2,7,5,40,26,516,3,0,4,1,2,3,28,46,113,0,1,20,0,,0,,5,2,0,0,0,0,0,,,1,1,137520,1,0,0,55
"Abridge",0,30,850,213000000,351,2018,8,2,5,4,28.3,30,607,3,2,3,1,2,3,51,58,109,0,2,20,1,,0,,5,7,1,506,0,0,1,4.24,45,1,1,191118,1,0,0,56
"Absci",0,75,1000,345000000,31,2011,15,1,5,,13.3,,11129,2,2,2,0,0,3,51,0,15,0,0,,0,,0,,5,4,0,0,0,0,0,,,1,1,937703,1,0,0,50
"Acuvity",1,,,0,31,2023,3,,7,,,,,0,0,0,0,0,0,28,0,0,0,0,,1,,1,[object Object],[object Object],[object Object],5,1,0,0,0,0,0,,,1,0,,0,0,0,80
"Ada",0,50,1200,190000000,351,2016,10,2,0,4,24,10,541,3,2,3,1,3,3,141,84,177,0,3,56,0,,0,,5,1022,1,1763,0,5141,1,4.79,11342,1,1,263824,1,0,0,43
"Adept",1,,,415000000,6,2022,4,0,3,,,,69167,0,0,4,1,4,0,86,68,0,0,2,,0,,0,,5,161,1,1799,0,6,1,0,0,1,1,573542,1,0,0,51
"Agility Robotics",0,,500,178000000,175,2015,11,2,1,3,,23,1017,3,2,3,1,1,2,114,6,24,0,0,44,1,,60,[object Object],[object Object],[object Object],5,19,1,2171,0,0,0,,,1,1,314635,1,0,0,44
"AI21 Labs",0,,1400,636000000,351,2017,9,1,3,5,,181,1812,0,0,4,1,3,0,86,46,0,0,2,10,1,,142,[object Object],[object Object],[object Object],5,16,1,2376,0,0,0,,,1,1,193292,1,0,0,56
"Airbase",0,30,,126000000,351,2017,9,2,6,4,,8,359,3,2,3,0,0,3,49,21,8,0,1,44,1,,0,[object Object],[object Object],[object Object],5,21,1,1915,0,0,1,2.65,80,1,1,344095,1,0,0,47
"Airbyte",0,,,181000000,6,2020,6,2,3,,,,30167,0,0,3,1,2,0,86,42,0,0,0,,1,,109,[object Object],[object Object],[object Object],5,188,0,0,0,0,1,4.87,2361,1,1,120764,1,0,0,63
"Airtable",0,150,11000,1400000000,935,2012,14,1,0,6,73.3,27,1497,3,1,3,1,3,3,141,42,242,0,0,56,1,,31,[object Object],[object Object],[object Object],5,560,1,10606,0,0,1,4.81,24322,1,1,2980,1,0,0,40
"Aisera",0,50,,140000000,290,2017,9,2,0,5,,11,483,3,1,3,0,0,3,141,15,100,0,1,44,1,,0,,5,0,0,0,0,0,0,,,1,1,349226,1,0,0,52
"AIVA",0,5,,3000000,31,2016,10,1,2,1,,1,97,3,2,1,0,0,3,104,0,5,0,0,104,0,,0,,5,9,1,1115,0,0,1,3.79,415,1,1,100021,1,0,0,31
"Aleph Alpha",0,,,500000000,200,2019,7,0,3,,,,2500,0,0,3,0,0,0,86,0,0,0,0,,0,,0,,5,24,1,2569,0,0,0,,,1,1,417885,1,0,0,60
"Algolia",0,150,2250,334000000,855,2012,14,1,4,5,15,7,391,3,2,3,1,1,3,78,32,93,4,0,56,1,,0,[object Object],[object Object],[object Object],5,930,1,2101,0,0,0,,,1,1,17840,1,0,0,22
"All Hands AI",0,,,5000000,126,2024,2,2,4,1,,2,40,2,0,2,1,1,2,78,43,2,0,0,20,0,,0,,5,5,0,0,0,0,0,,,1,1,895288,1,0,0,51
"Alloy",0,80,1550,187000000,126,2015,11,2,6,4,19.4,34,1484,3,2,3,1,2,3,49,38,13,0,1,44,0,,0,,5,214,1,17490,0,272,1,4.44,16,1,1,18610,1,0,0,43
"Ambience Healthcare",0,,1000,243000000,250,2020,6,3,5,4,,122,972,2,1,4,1,2,3,51,68,109,0,5,8,0,,0,,5,0,0,0,0,0,1,5,4,1,0,,1,0,0,72
"Anduril",0,1000,30500,5300000000,6,2017,9,3,1,6,30.5,98148,883333,3,1,4,1,3,1,114,97,4,0,4,9,1,,231,[object Object],[object Object],[object Object],5,218,1,1234,0,15,1,3.67,3,1,1,12170,1,0,0,74
"Anthropic",0,,380000,67300000000,751,2021,5,3,3,6,,89614,89614,0,0,6,1,4,0,86,73,0,6,4,1,1,2,14762,[object Object],[object Object],[object Object],5,2982,1,187512,0,234,1,4.7,56066,1,1,1982,3,0,0,81
"Anyscale",0,,,260000000,632,2019,7,2,4,,,,411,0,0,4,1,3,0,78,55,0,0,4,,1,,121,[object Object],[object Object],[object Object],5,108,0,0,0,0,1,4.65,20,1,1,235776,2,0,0,49
"Anysphere (Cursor)",0,1000,29300,3500000000,,2022,4,,4,5,29.3,,,3,2,5,1,5,1,78,99,1,0,2,4,0,,0,,5,2,1,12295,0,0,0,,,1,1,725,1,0,0,64
"Anyword",0,15,,30000000,31,2013,13,1,0,3,,22,968,3,3,2,0,0,3,141,1,52,0,0,44,0,,0,,5,2,1,678,0,0,1,0,0,1,1,125166,1,0,0,47
"Apollo.io",0,100,1600,251000000,550,2015,11,2,0,5,16,14,456,3,2,3,1,1,3,141,46,84,0,2,32,1,,5,[object Object],[object Object],[object Object],5,18,1,1557,0,0,0,,,1,1,8000,1,0,0,48
"AppHarvest",0,,,600000000,351,2017,9,0,1,,,,1709,3,1,2,0,0,1,114,2,1,0,0,,0,,0,,5,11,1,963,0,0,0,,,1,0,,1,0,0,54
"Applied Intuition",0,,,605000000,1407,2017,9,2,1,,,,430,0,0,3,1,3,0,114,82,0,0,4,,1,,1,[object Object],[object Object],[object Object],5,5,1,87,0,0,0,,,1,1,606904,1,0,0,51
"Applitools",0,50,,120000000,104,2013,13,1,4,5,,17,1154,2,0,2,1,1,3,78,16,18,0,2,68,1,,2,[object Object],[object Object],[object Object],5,28,0,0,0,0,0,,,1,1,251773,1,0,0,29
"Appsmith",0,10,,51000000,175,2019,7,2,4,3,,7,291,3,1,3,1,2,3,78,42,143,0,0,44,0,,0,,5,77,0,0,0,0,1,4.56,9,1,1,97204,1,0,0,39
"Apptronik",0,5,5000,935000000,23,2016,10,3,1,2,1000,40652,40652,3,2,6,1,1,3,114,11,24,0,1,1,0,,0,,5,8,0,0,0,13,0,,,1,1,558852,1,0,0,74
"Aquabyte",0,8,,25000000,50,2017,9,2,1,2,,9,500,2,1,2,1,1,3,114,15,3,0,2,56,0,,0,,5,0,0,0,0,0,0,,,1,1,536808,1,0,0,37
"Arable",0,10,,50000000,126,2014,12,1,1,4,,9,397,3,0,3,1,1,3,114,22,11,0,2,44,1,,0,[object Object],[object Object],[object Object],5,13,1,260,0,133,1,5,3,1,0,,1,0,0,28
"Arctic Wolf",0,,,1300000000,3349,2012,14,2,7,,,,388,0,0,3,0,0,0,28,5,0,0,0,,0,,0,,5,4,1,10262,0,0,1,3.55,152,1,1,46110,0,0,0,47
"Argilla",0,,50,10000000,31,2020,6,2,4,1,,10,323,3,2,1,0,0,3,78,2,18,0,0,32,0,,0,,5,23,1,10,0,0,0,,,1,0,,1,0,0,58
"Arize AI",0,15,,62000000,126,2020,6,1,3,3,,15,492,3,1,3,0,0,3,86,4,27,0,0,32,0,,0,,5,4,0,0,0,0,0,,,1,1,194235,1,0,0,54
"Artbreeder",0,2,,3000000,10,2018,8,1,2,,,,300,3,2,1,0,0,3,104,1,54,0,0,,0,,0,,5,17,1,1284,0,0,0,,,1,1,50133,1,0,0,46
"Ascent",0,20,,45000000,351,2015,11,2,6,4,,3,128,3,1,3,0,0,3,49,2,5,0,0,44,0,,0,,5,202,1,263,0,201,0,,,1,0,,1,0,0,41
"Ashby",0,30,,62000000,401,2018,8,2,0,4,,5,155,3,1,3,1,3,3,141,57,25,0,0,32,0,,0,,5,39,1,310,0,3,0,,,1,1,22956,2,0,1,48
"AssemblyAI",0,30,,115000000,130,2017,9,2,4,4,,28,885,3,1,3,1,3,3,78,101,181,0,0,32,1,,291,[object Object],[object Object],[object Object],5,128,0,0,0,0,0,,,1,1,41008,2,0,1,56
"At-Bay",0,300,1350,292000000,366,2016,10,2,6,6,4.5,18,798,3,1,3,1,1,2,49,30,9,0,1,44,1,,1,[object Object],5,136,1,123,0,0,0,,,1,1,864622,1,0,0,36
"Atomwise",0,,,174000000,995,2012,14,1,5,3,,3,175,3,2,3,1,1,2,51,44,2,0,0,56,0,,0,,5,11,0,0,0,0,0,,,1,1,894966,1,0,1,15
"Atropos Health",0,,200,67000000,100,2019,7,2,5,3,,34,670,3,0,3,1,1,3,51,39,14,0,2,20,1,,1,[object Object],[object Object],[object Object],5,0,0,0,0,0,0,,,1,0,,1,0,0,54
"Attentive",0,500,7000,863000000,1507,2016,10,1,0,6,14,13,573,3,1,3,1,2,3,141,76,81,0,1,44,0,,0,,5,67,1,6944,0,0,0,,,1,1,173846,1,0,0,36
"Attis Global",0,,,,20,2020,6,1,0,,,,,0,0,1,0,0,0,141,0,0,0,0,,0,,0,,0,0,0,0,0,0,0,,,1,0,,1,0,0,63
"Augment",0,,977,252000000,126,2022,4,3,4,3,,100,2000,3,1,3,1,1,3,78,23,112,0,0,20,1,,1,[object Object],[object Object],[object Object],5,322,1,468,0,0,1,5,9,1,1,716886,1,0,0,69
"Automation Anywhere",0,500,6800,840000000,3425,2003,23,1,0,4,13.6,4,245,3,1,3,1,1,4,141,45,137,0,1,56,1,,8,[object Object],[object Object],[object Object],5,9,1,1777,0,0,0,,,1,1,44807,2,0,0,21
"Avoma",0,5,,9000000,31,2017,9,2,0,2,,5,290,3,2,2,0,0,3,141,3,7,0,0,56,1,,0,[object Object],[object Object],5,1,0,0,0,0,0,,,1,1,175697,1,0,0,45
"Babylon Health",0,,,1200000000,400,2013,13,0,5,8,,94,3000,3,2,1,0,0,1,51,0,1,0,0,32,1,,81,[object Object],[object Object],[object Object],5,18,1,2289,0,341,0,,,1,1,249291,1,0,0,51
"Bardeen",0,5,,15000000,26,2020,6,2,4,2,,13,577,3,1,2,1,2,3,78,40,107,0,1,44,0,,0,,5,17,1,87,0,0,0,,,1,1,58703,1,0,0,43
"Baseten",0,,5000,585000000,177,2019,7,1,3,6,,1653,3305,3,2,3,1,1,4,86,13,198,0,0,2,0,,0,,5,52,1,188,0,0,0,,,1,1,49444,1,0,0,60
"Beamery",0,50,1000,223000000,450,2014,12,1,0,5,20,11,496,3,1,2,0,0,3,141,0,85,0,0,44,0,,0,,5,37,1,560,0,0,0,,,1,1,133086,1,0,0,43
"Beatoven.ai",0,2,,4000000,25,2020,6,1,2,1,,5,160,3,3,2,0,0,3,104,1,51,0,0,32,0,,0,,5,0,0,0,0,0,0,,,1,1,161887,1,0,0,48
"Bench",0,50,,113000000,31,2012,14,1,6,4,,54,3645,3,1,3,1,1,3,49,22,19,0,0,68,0,,0,,5,800,1,626,0,0,0,,,1,1,130379,1,0,0,29
"BenevolentAI",0,30,,292000000,760,2013,13,0,5,,,,384,3,3,2,0,0,2,51,0,4,0,0,,1,,194,[object Object],[object Object],[object Object],5,8,0,0,0,144,0,,,1,1,646804,1,0,0,35
"Berkshire Grey",1,100,,475000000,351,2013,13,1,1,,,68,1353,3,2,1,1,1,1,114,32,1,1,0,20,1,,0,[object Object],[object Object],5,0,1,741,0,0,0,,,1,1,331905,1,0,0,47
"BigHat Biosciences",0,15,,100000000,90,2019,7,2,5,3,,25,1111,2,1,2,0,0,3,51,2,72,0,0,44,0,,0,,5,0,0,0,0,0,0,,,1,0,,1,0,0,56
"BigID",0,80,1250,256000000,682,2016,10,1,7,5,15.6,7,375,3,2,3,1,1,3,28,16,135,0,0,56,0,,0,,5,5,0,0,0,0,0,,,1,1,81855,1,0,0,22
"Biofourmis",0,100,1000,450000000,600,2015,11,2,5,5,10,17,750,2,0,3,1,1,3,51,39,6,0,1,44,0,,0,,5,2,0,0,0,0,0,,,1,1,619724,1,0,0,38
"Black Forest Labs",0,,500,110000000,31,2024,2,3,2,2,,177,3548,3,3,2,1,2,3,104,84,119,0,4,20,1,,0,,5,28,1,88,0,0,0,,,1,1,484791,1,0,0,78
"Bland AI",0,,100,22000000,88,2023,3,3,2,2,,13,250,2,1,2,1,1,3,104,46,12,0,0,20,0,,0,,5,2,0,0,0,0,1,0,0,1,1,303502,1,0,1,61
"Bloomreach",0,200,2200,480000000,1116,2009,17,1,0,6,11,8,430,3,2,3,0,0,3,141,22,145,1,0,56,1,,13,[object Object],[object Object],[object Object],5,39,1,1399,0,0,0,,,1,1,16104,1,0,0,34
"Blue Yonder",0,1000,10000,0,8310,1985,41,1,1,,10,,,3,0,1,0,0,1,114,0,1,0,0,,0,,0,,5,23,1,5405,0,0,0,,,1,1,66249,1,0,0,36
"Bolt",0,100,11000,1000000000,351,2014,12,0,6,6,110,65,2849,3,1,2,0,0,1,49,0,2,0,0,44,1,,16,[object Object],[object Object],[object Object],5,946,1,2216,0,10,0,,,1,1,24170,1,0,0,49
"Boomi",0,400,4000,0,2892,2000,26,1,0,,10,,,3,1,2,0,0,2,141,7,2,1,0,56,0,,0,,5,4,1,126,0,0,0,,,1,1,30015,1,0,0,31
"Boomy",0,5,,10000000,6,2018,8,2,2,2,,38,1667,3,3,2,0,0,3,104,0,12,0,0,44,0,,0,,5,2,0,0,0,0,0,,,1,1,153502,1,0,0,64
"Boston Dynamics",0,,,0,1427,1992,34,1,1,,,,,0,0,1,0,0,0,114,0,0,0,0,,0,,0,,5,594,1,18931,0,96,0,,,1,1,34706,1,0,0,43
"Bowery Farming",0,20,,73000000,225,2015,11,1,1,4,,10,324,2,0,3,0,0,3,114,5,14,0,0,32,1,,0,[object Object],[object Object],[object Object],5,2,1,726,0,0,0,,,1,0,,1,0,0,47
"Braintrust",0,,150,36000000,126,2023,3,2,4,2,,14,286,2,2,3,1,3,3,78,63,39,0,4,20,1,,1,[object Object],5,85,1,1832,0,0,0,,,1,0,,1,0,0,57
"Brex",0,500,12300,1500000000,1300,2017,9,2,6,5,24.6,26,1154,3,2,4,1,3,3,49,87,7,0,2,44,1,,1,[object Object],5,162,1,8791,0,0,0,,,1,1,29017,1,0,1,49
"Bright Machines",0,50,,435000000,126,2018,8,1,1,4,,62,3452,3,0,3,1,1,3,114,15,8,0,0,56,1,,0,,5,2,0,0,0,0,0,,,1,0,,1,0,0,39
"Browse AI",0,5,,12000000,25,2020,6,3,4,1,,11,480,3,1,2,1,2,3,78,54,6,0,0,44,0,,0,,5,5,0,0,0,0,0,,,1,1,220476,1,0,0,51
"Browserbase",0,1,,6000000,12,2023,3,3,4,1,,25,500,2,0,2,1,1,3,78,19,121,0,2,20,1,,86,[object Object],[object Object],[object Object],5,41,0,0,0,0,0,,,1,1,255150,1,0,0,61
"Builder.ai",0,100,1000,450000000,751,2016,10,1,4,5,10,14,599,2,0,2,1,1,3,78,31,201,0,0,44,0,,0,,5,47,1,5949,0,0,0,,,1,1,241245,1,0,0,32
"Buildots",0,15,,60000000,31,2018,8,2,1,3,,35,1935,3,2,3,1,1,3,114,27,40,0,1,56,0,,0,,5,0,0,0,0,0,0,,,1,0,,1,0,0,46
"Built",0,100,1500,375000000,6,2014,12,2,1,6,15,1420,62500,3,0,3,0,0,2,114,3,10,0,0,44,0,,0,,5,561244,1,287,0,2755,0,,,1,1,237589,1,0,0,55
"Built Robotics",0,20,,112000000,125,2016,10,2,1,4,,20,896,2,0,3,1,1,3,114,30,10,0,1,44,1,,30,[object Object],[object Object],[object Object],5,3,1,616,0,0,0,,,1,0,,1,0,0,44
"Bun (Oven)",1,,,26000000,,2022,4,,4,,,,,0,0,0,0,0,0,78,0,0,0,0,,0,,0,,0,0,1,7139,0,0,0,,,1,0,,1,0,0,84
"Butterfly Network",0,80,1000,560000000,450,2011,15,1,5,,12.5,,1244,3,1,2,0,0,3,51,6,10,0,1,,1,,10,[object Object],[object Object],[object Object],5,3,1,643,0,0,0,,,1,1,167572,2,0,0,45
"ByteDance AI Lab",0,,220000,0,1200,2016,10,2,3,,,,,3,1,4,1,1,1,86,42,1,0,1,,0,,0,,5,0,1,44564,0,0,0,,,1,1,2115,1,0,0,40
"C3.ai",0,,,243000000,1376,2009,17,1,0,,,,177,0,0,3,0,0,0,141,7,0,0,0,,0,,0,,5,19,1,709,0,0,0,,,1,1,28448,2,0,0,37
"Calm",0,150,2000,218000000,755,2012,14,0,2,4,13.3,4,289,3,1,3,1,2,3,104,64,47,0,1,68,1,,0,[object Object],[object Object],[object Object],5,911,1,766,0,0,0,,,1,1,7647,1,0,0,19
"Canopus AI",1,,,0,80,2021,5,3,1,,,,,0,0,0,0,0,0,114,0,0,0,0,,0,,0,,5,0,0,0,0,0,0,,,1,0,,1,0,0,93
"Canva",0,2100,26000,572000000,13622,2012,14,2,2,,12.4,,42,3,1,4,1,2,1,104,66,4,14,2,,1,,3,[object Object],[object Object],[object Object],5,426,1,174607,0,0,0,,,1,1,225,2,0,0,30
"Canvas",0,8,,36000000,751,2017,9,3,1,3,,1,48,2,0,2,0,0,3,114,0,3,0,0,56,1,,0,[object Object],[object Object],[object Object],5,3224,1,13385,0,1,0,,,1,0,,1,0,0,48
"Capacity AI",0,,,72000000,120,2017,9,2,0,,,,600,0,0,3,0,0,0,141,0,0,0,0,,1,,0,,5,2,0,0,0,0,0,,,1,1,45317,1,0,0,67
"Capcut",0,,,0,6,2020,6,,2,,,,,3,0,1,0,0,1,104,0,1,0,0,,0,,0,,5,37,1,99605,0,0,0,,,1,1,533,1,0,0,73
"Capella Space",0,50,,240000000,375,2016,10,2,1,5,,20,640,3,2,2,1,1,3,114,15,17,0,2,32,1,,72,[object Object],[object Object],[object Object],5,7,1,1285,0,0,0,,,1,1,639748,1,0,0,50
"Caption Health",1,,,100000000,126,2013,13,,5,,,,794,2,1,2,1,1,1,51,14,1,0,0,,0,,0,,5,0,0,0,0,0,0,,,1,1,5752,1,0,0,32
"Captions",0,25,500,100000000,70,2021,5,1,2,4,20,71,1429,3,3,2,1,2,3,104,65,19,0,4,20,0,,0,,5,440,1,828,0,0,0,,,1,1,134867,1,0,0,58
"Carbon Health",0,,,560000000,3001,2015,11,2,5,,,,187,0,0,3,1,1,0,51,17,0,0,0,,0,,0,,5,12,1,1042,0,0,0,,,1,1,155779,0,0,0,30
"Carbon Robotics",0,20,,57000000,90,2018,8,3,1,4,,20,633,3,0,2,0,0,4,114,0,13,0,0,32,1,,1,[object Object],[object Object],[object Object],5,3,1,25293,0,0,0,,,1,1,619628,2,0,0,74
"Carnegie Learning",0,100,,0,751,1998,28,1,2,,,,,3,1,1,0,0,1,104,0,1,0,0,,1,,60,[object Object],[object Object],[object Object],5,0,1,731,0,59,0,,,1,1,52150,1,0,0,40
"Carta",0,350,7400,1100000000,2038,2012,14,2,6,6,21.1,10,540,3,0,2,1,2,3,49,58,4,0,3,56,1,,154,[object Object],[object Object],[object Object],5,237,1,327,0,0,0,,,1,1,46557,1,0,0,35
"Cartesia",0,,200,40000000,31,2023,3,3,2,2,,65,1290,3,3,2,1,2,4,104,47,119,0,1,20,0,,0,,5,18,0,0,0,0,0,,,1,1,152984,1,0,0,71
"Celestial AI",1,,3250,581000000,109,2020,6,3,3,4,,666,5330,2,1,3,0,0,4,86,8,97,0,1,8,0,,0,,5,3,0,0,0,0,0,,,1,0,,1,0,0,82
"Celigo",0,50,,48000000,760,2011,15,1,0,3,,1,63,3,2,3,0,0,3,141,0,101,0,0,56,1,,1,[object Object],[object Object],[object Object],5,1,0,0,0,0,0,,,1,1,285468,1,0,0,29
"Celonis",0,500,13000,1500000000,3001,2011,15,2,1,5,26,11,500,3,2,3,1,1,3,114,1,113,0,0,44,1,,74,[object Object],[object Object],[object Object],5,12,1,4632,0,0,1,0,0,1,1,87235,2,0,0,38
"Census",0,20,,80000000,126,2018,8,2,3,3,,14,635,3,1,3,1,3,3,86,123,26,0,3,44,1,,1117,[object Object],[object Object],[object Object],5,983,1,13562,0,3951,1,2,1,1,1,221971,2,0,0,48
"Century Tech",0,10,,25000000,6,2015,11,1,2,3,,74,4167,3,1,2,1,1,3,104,8,176,0,1,56,0,,0,,5,14,0,0,0,0,0,,,1,1,147228,1,0,0,34
"Cerebras",0,,23000,2550000000,751,2016,10,2,3,,,3395,3395,0,0,4,1,2,0,86,38,0,0,0,1,1,,421,[object Object],[object Object],[object Object],5,289,1,8933,0,65,0,,,1,1,65790,2,0,0,68
"Ceres Imaging",0,15,,40000000,70,2014,12,1,1,3,,8,571,3,2,2,1,1,3,114,31,14,0,0,68,1,,4,[object Object],[object Object],[object Object],5,2,0,0,0,7,1,4.62,13,1,1,962837,1,0,0,26
"Chai Discovery",0,,1000,230000000,64,2024,2,2,5,3,,449,3594,2,2,2,1,2,3,51,44,83,0,2,8,1,,1883,[object Object],5,2,0,0,0,0,0,,,1,0,,1,0,0,69
"Chainguard",0,,1100,256000000,662,2021,5,2,7,4,,19,387,2,1,2,1,1,3,28,51,177,0,2,20,0,,0,,5,105,1,65,0,0,0,,,1,1,325302,1,0,0,52
"Character.ai",1,,2700,150000000,120,2022,4,3,2,,,,1250,0,0,3,1,2,0,104,40,0,0,1,,0,,0,,5,80,1,35440,0,0,0,,,1,1,920,1,0,0,66
"Charisma.ai",0,3,,9000000,25,2019,7,2,2,2,,8,360,2,2,2,0,0,2,104,2,5,0,0,44,0,,0,,5,1,0,0,0,0,0,,,1,0,,1,0,0,49
"Checkbox",0,15,,30000000,126,2016,10,1,6,3,,5,238,3,0,3,1,1,3,49,41,43,0,1,44,1,,11,[object Object],[object Object],[object Object],5,264,1,4351,0,0,0,,,1,1,936577,1,0,0,26
"Checkout.com",0,500,40000,1800000000,2249,2012,14,2,6,5,80,18,800,3,1,3,1,2,3,49,72,7,0,1,44,0,,0,,5,19,1,3921,0,0,0,,,1,1,13697,1,0,0,45
"Cherre",0,30,,100000000,31,2016,10,2,1,4,,73,3226,3,1,3,1,1,3,114,6,10,0,0,44,0,,0,,5,5,1,9,0,0,0,,,1,0,,1,0,0,49
"Chime",0,1500,25000,2300000000,2356,2012,14,1,6,,16.7,17,976,3,0,3,1,3,2,49,119,9,0,4,56,1,,1286,[object Object],[object Object],[object Object],5,377,1,1180,0,2,1,4.82,1360956,1,1,10823,1,0,0,33
"Chroma",0,,,20000000,31,2022,4,3,4,,,,645,0,0,3,0,0,0,78,4,0,0,0,,1,,942,[object Object],[object Object],[object Object],5,193,1,917,0,0,0,,,1,1,238717,1,0,0,77
"Chronosphere",1,,3350,369000000,351,2019,7,2,0,,,,1051,0,0,0,0,0,0,141,0,0,0,0,,0,,0,,5,20,0,0,0,0,0,,,1,1,36305,1,0,0,76
"CircleCI",0,100,1700,315000000,351,2011,15,2,4,6,17,20,897,3,0,3,1,1,3,78,15,114,0,0,44,1,,13,[object Object],[object Object],[object Object],5,527,1,1428,0,0,0,,,1,1,10633,1,0,0,40
"Civitai",0,5,,7000000,35,2022,4,3,2,2,,10,200,3,1,1,1,1,3,104,31,45,0,2,20,1,,130,[object Object],[object Object],[object Object],5,44,1,4578,0,0,0,,,1,1,12383,1,0,0,58
"Clari",0,150,2600,496000000,6,2012,14,2,0,6,17.3,1879,82667,3,2,4,1,2,3,141,59,202,0,3,44,1,,0,[object Object],[object Object],[object Object],5,8,1,177,0,0,0,,,1,1,35491,1,0,0,50
"Clarifai",0,,400,100000000,126,2013,13,1,0,,,,794,3,0,4,1,1,4,141,42,165,0,2,,1,,6,[object Object],[object Object],[object Object],5,60,1,848,0,0,0,,,1,1,169321,1,0,0,40
"Clay",0,,,145000000,351,2021,5,3,0,,,,413,0,0,3,1,1,0,141,15,0,0,0,,1,,22,[object Object],[object Object],[object Object],5,590,1,20524,0,250,0,,,1,1,48132,0,0,0,58
"Cleanlab",0,,150,30000000,351,2021,5,2,3,2,,3,85,2,1,2,0,0,3,86,13,27,0,1,32,1,,31,[object Object],[object Object],[object Object],5,39,0,0,0,0,0,,,1,0,,1,0,0,54
"Clearcover",0,200,1400,329000000,351,2016,10,1,6,5,7,17,937,3,0,3,0,0,2,49,1,3,0,0,56,1,,0,[object Object],[object Object],[object Object],5,0,0,0,0,0,0,,,1,1,72882,1,0,0,36
"Cleerly",0,40,1000,323000000,351,2017,9,2,5,4,25,21,920,2,0,2,1,1,3,51,38,8,0,0,44,1,,0,,5,0,0,0,0,0,1,2.29,69,1,0,,1,0,0,46
"ClickUp",0,150,4000,537000000,1100,2017,9,2,0,4,26.7,9,488,3,0,3,1,1,3,141,48,184,0,1,56,1,,58,[object Object],[object Object],[object Object],5,70,1,8894,0,0,0,,,1,1,2946,1,0,0,41
"ClimateAI",0,,,30000000,126,2017,9,3,1,,,,238,0,0,3,1,2,0,114,30,0,0,1,,1,,5,[object Object],[object Object],[object Object],5,0,0,0,0,0,0,,,1,0,,1,0,0,46
"Clockwise",0,25,,76000000,125,2016,10,2,0,4,,11,608,3,2,3,1,3,3,141,67,180,0,1,56,0,,0,,5,55,1,5455,0,0,0,,,1,1,22427,1,3,0,39
"Cloudbeds",0,100,1500,255000000,751,2012,14,2,0,5,15,8,340,3,1,3,0,0,3,141,5,34,0,0,44,1,,10,[object Object],[object Object],[object Object],5,0,0,0,0,0,1,2.5,2,1,1,13620,1,0,0,44
"Coalition",0,500,5000,755000000,751,2017,9,2,6,6,10,23,1005,3,1,3,1,1,2,49,27,15,0,0,44,0,,0,,5,478,1,7739,0,466,1,0,0,1,1,194221,1,0,0,42
"Coda",0,50,1400,395000000,351,2014,12,1,0,5,28,26,1125,3,1,3,1,2,3,141,54,184,0,2,44,1,,62,[object Object],[object Object],[object Object],5,235,1,1497,0,167,0,,,1,1,12534,1,0,0,42
"Codeium",0,,,150000000,70,2022,4,3,4,,,,2143,0,0,3,1,3,0,78,60,0,0,4,,1,,0,[object Object],[object Object],[object Object],5,108,0,0,0,0,0,,,1,1,4824,1,0,0,72
"Coframe",0,,50,10000000,6,2022,4,3,0,1,,83,1667,2,1,2,1,1,3,141,15,119,0,1,20,1,,1510,[object Object],[object Object],5,2,1,181,0,0,0,,,1,0,,1,0,0,69
"Cognigy",0,20,,69000000,13838,2016,10,1,0,4,,0,5,3,2,2,1,1,3,141,31,43,0,0,32,1,,13,[object Object],[object Object],[object Object],5,2,0,0,0,0,0,,,1,1,338434,1,0,0,35
"Cognition",0,,,900000000,126,2023,3,3,4,,,,7143,0,0,4,1,2,0,78,28,0,0,1,,0,,0,,5,858,1,27731,0,5340,1,5,1,1,1,741044,1,0,0,69
"Cohere",0,,7000,1540000000,843,2019,7,1,3,5,,304,1827,0,0,6,1,2,0,86,48,0,0,2,6,1,,13,[object Object],[object Object],[object Object],5,216,1,7278,0,0,0,,,1,1,15558,1,0,0,59
"Comet",0,20,,63000000,3001,2017,9,2,3,3,,0,21,3,1,2,1,1,3,86,36,27,0,0,44,0,,0,,5,1307,1,33824,0,115,0,,,1,1,165800,1,0,0,34
"Common Sense Machines",1,,,10000000,,2021,5,,2,,,,,0,0,1,1,1,0,104,31,0,0,1,,1,,125,[object Object],[object Object],[object Object],5,3,1,68753,0,0,0,,,1,0,,0,0,0,46
"Compass",0,6000,,1500000000,31,2012,14,1,1,,,,48387,3,0,1,0,0,1,114,2,1,0,0,,1,,7307,[object Object],[object Object],[object Object],5,696,1,27513,0,1433,1,3.29,2021,1,1,5159,1,0,0,54
"Compliance.ai",0,15,,30000000,189,2016,10,2,6,3,,3,159,3,1,2,0,0,3,49,5,15,0,0,56,1,,0,,5,3,0,0,0,0,0,,,1,1,966845,1,0,0,39
"Constructor",0,50,,107000000,351,2015,11,2,0,4,,10,305,3,3,2,0,0,3,141,8,14,,1,32,0,,0,,5,242,1,200,0,10752,0,,,1,0,,1,0,0,54
"Convai",0,5,,30000000,31,2022,4,3,2,2,,48,968,2,2,2,1,1,3,104,33,24,0,2,20,1,,2,[object Object],[object Object],[object Object],5,8,0,0,0,0,0,,,1,1,847459,1,0,0,68
"Convogo",1,,,0,31,2023,3,,0,,,,,0,0,0,0,0,0,141,0,0,0,0,,0,,0,,5,1,0,0,0,0,0,,,1,0,,0,0,0,96
"Convoy",0,,,900000000,,2015,11,0,1,,,,,3,0,4,1,1,1,114,16,1,0,1,,1,,0,[object Object],[object Object],[object Object],5,185,1,5194,0,0,1,4.66,3681,1,1,338585,1,0,0,22
"Copy.ai",0,,,14000000,24,2020,6,1,0,,,,583,0,0,3,1,1,0,141,21,0,0,0,,0,,0,,5,15,0,0,0,0,0,,,1,1,20462,1,0,0,40
"CoreWeave",0,500,,0,1894,2017,9,3,3,8,,,,3,1,3,1,2,2,86,56,9,0,1,12,1,,17,[object Object],[object Object],[object Object],5,104,1,21661,0,0,0,,,1,1,24859,1,0,0,64
"Corvus Insurance",0,100,,163000000,225,2017,9,2,6,4,,16,724,3,2,3,1,1,3,49,31,9,0,0,44,1,,0,[object Object],[object Object],5,0,0,0,0,0,0,,,1,0,,1,0,0,44
"Covariant",0,,,222000000,126,2017,9,2,1,,,,1762,0,0,3,1,1,0,114,31,0,0,0,,0,,0,,5,41,1,49,0,0,0,,,1,0,,1,0,0,58
"Coveo",0,130,1500,230000000,824,2005,21,1,0,,11.5,,279,3,2,2,0,0,3,141,1,201,0,0,,1,,3,[object Object],[object Object],[object Object],5,7,1,1101,0,0,1,0,0,1,1,3699,1,0,0,35
"Craft",0,15,,30000000,31,2018,8,2,0,3,,22,968,3,1,2,0,0,2,141,0,29,0,0,44,1,,0,,5,2160,1,8383,0,1687,0,,,1,1,32749,1,0,0,61
"Cresta",0,50,1600,151000000,250,2017,9,2,0,5,32,19,604,3,0,4,1,4,3,141,146,77,0,5,32,1,,0,[object Object],[object Object],[object Object],5,15,1,189,0,0,0,,,1,1,36052,1,0,0,60
"CropX",0,12,,45000000,126,2015,11,1,1,4,,8,357,3,3,2,0,0,3,114,0,10,0,0,44,1,,0,[object Object],[object Object],[object Object],5,0,0,0,0,0,0,,,1,0,,1,0,0,40
"Cruise",0,,30000,10000000000,3001,2013,13,0,1,,,,3332,3,2,4,1,2,1,114,38,1,0,2,,0,,0,,5,1358,1,597,0,0,0,,,1,1,185766,1,0,0,39
"Crusoe",0,,3000,1400000000,3001,2018,8,2,3,6,,58,467,3,1,3,0,0,3,86,5,202,0,0,8,0,,0,,5,42,1,178,0,0,0,,,1,1,159560,1,0,0,67
"CSM (Common Sense Machines)",0,2,,25000000,,2022,4,,2,2,,,,3,3,2,1,2,3,104,52,39,0,3,32,0,,0,,1,0,1,961,0,0,0,,,1,1,838198,1,0,0,57
"Culture Amp",0,100,1500,267000000,900,2009,17,1,0,6,15,5,297,3,2,4,1,2,3,141,58,66,0,2,56,1,,6,[object Object],[object Object],[object Object],5,8,1,1005,0,0,0,,,1,1,45861,1,0,0,25
"Customer.io",0,50,,100000000,351,2012,14,2,0,3,,6,285,3,2,3,0,0,3,141,9,11,0,1,44,1,,8,[object Object],[object Object],[object Object],5,91,0,0,0,0,0,,,1,1,2334,1,0,0,44
"CyberArk",1,,25000,30000000,3496,1999,27,2,7,,,,9,0,0,0,0,0,0,28,0,0,0,0,,1,,209,[object Object],[object Object],[object Object],5,68,1,6025,0,0,1,2.16,184,1,1,3654,1,0,0,38
"Cybereason",0,200,,750000000,751,2012,14,2,7,6,,18,999,3,1,4,1,3,3,28,66,22,0,3,56,0,,0,,5,35,1,1083,0,0,0,,,1,1,107505,1,0,0,38
"d-Matrix",0,,,160000000,175,2019,7,3,3,3,,29,914,3,1,3,0,0,3,86,3,18,0,0,32,0,,0,,5,14,1,8182,0,0,0,,,1,0,,1,0,0,71
"Darktrace",1,600,5300,0,2550,2013,13,2,7,,8.8,,,3,1,1,0,0,1,28,1,1,0,0,20,1,,7,[object Object],[object Object],[object Object],5,26,1,3841,0,0,0,,,1,1,19264,1,0,0,51
"Databricks",0,4800,134000,22200000000,14677,2013,13,3,3,,27.9,1513,1513,0,0,5,1,3,0,86,100,0,14,4,1,1,,419,[object Object],[object Object],[object Object],5,668,1,34267,0,29,0,,,1,1,3257,2,0,0,72
"Datadog",0,,,148000000,3001,2010,16,2,3,,,,49,0,0,3,1,1,0,86,27,0,8,1,,1,,11,[object Object],[object Object],[object Object],5,592,1,54631,0,0,0,,,1,1,792,2,0,0,28
"Dataiku",0,200,3700,846000000,1410,2013,13,2,3,6,18.5,14,600,3,2,4,1,2,3,86,55,169,0,1,44,1,,142,[object Object],[object Object],[object Object],5,22,1,2520,0,0,0,,,1,1,59474,2,0,0,39
"Dataminr",0,,4100,772000000,783,2009,17,2,0,6,,22,986,3,2,4,1,1,4,141,32,122,0,2,44,1,,1,[object Object],5,29,1,1770,0,8,0,,,1,1,67556,2,0,0,46
"DataRobot",0,200,6300,1000000000,1000,2012,14,1,3,6,31.5,18,1000,3,2,3,0,0,3,86,11,106,0,1,56,1,,330,[object Object],[object Object],[object Object],5,38,0,0,0,1,0,,,1,1,52532,2,0,0,42
"dbt Labs",0,,,414000000,1012,2016,10,2,3,,,,409,0,0,3,1,2,0,86,47,0,0,2,,1,,209,[object Object],[object Object],[object Object],5,33,0,0,0,0,0,,,1,1,40804,1,0,0,43
"Decagon",0,,4500,481000000,351,2023,3,2,0,5,,685,1370,3,3,2,1,2,3,141,45,104,0,0,2,1,,0,,5,13,1,5012,0,0,1,5,1,1,1,30496,1,0,0,72
"Deel",0,500,12000,679000000,9018,2019,7,2,6,5,24,2,75,3,2,3,1,2,3,49,57,36,0,2,44,0,,0,,5,89,1,807,0,0,0,,,1,1,30722,1,0,1,38
"Deep Instinct",0,50,,321000000,351,2015,11,2,7,5,,21,915,3,1,4,1,1,3,28,36,9,0,2,44,1,,1174,[object Object],[object Object],[object Object],5,3,1,599,0,0,0,,,1,1,322529,1,0,0,41
"Deepgram",0,20,1300,229000000,126,2015,11,3,4,4,65,909,1817,3,1,3,1,2,3,78,87,113,0,1,2,1,,53,[object Object],[object Object],[object Object],5,105,0,0,0,0,0,,,1,1,39900,1,0,1,71
"DeepL",0,100,2000,300000000,1566,2017,9,2,3,3,20,6,192,2,0,3,1,2,3,86,26,208,0,0,32,0,,0,,5,117,1,22549,0,0,0,,,1,1,697,1,0,0,44
"DeepScribe",0,20,,60000000,211,2017,9,2,5,3,,9,284,3,2,2,1,1,3,51,21,109,0,0,32,1,,1,[object Object],[object Object],[object Object],5,0,0,0,0,0,0,,,1,1,488495,1,0,0,42
"DeepSeek",0,,5000,500000000,6,2023,3,3,3,4,,41667,83333,3,2,1,0,0,3,86,0,6,0,0,2,1,,47536,[object Object],[object Object],[object Object],5,1699,1,109126,0,0,0,,,1,1,1979,1,0,0,93
"Delfina",0,,100,30000000,6,2020,6,2,5,2,,250,5000,2,0,3,1,1,3,51,38,17,0,2,20,0,,0,,5,3,1,20,0,0,0,,,1,0,,1,0,0,62
"Demandbase",0,150,,267000000,751,2006,20,1,0,5,,5,356,3,2,3,0,0,3,141,3,110,0,0,68,1,,0,[object Object],[object Object],[object Object],5,3,0,0,0,0,0,,,1,1,3391,1,0,0,31
"Descartes Labs",0,20,,50000000,246,2014,12,1,1,,,,203,3,1,2,0,0,3,114,3,15,0,0,,0,,0,,5,24,0,0,0,137,0,,,1,0,,1,0,0,38
"Descript",0,30,,100000000,126,2017,9,2,2,4,,18,794,3,1,3,1,3,3,104,49,50,0,5,44,0,,0,,5,69,0,0,0,0,0,,,1,1,20096,1,0,0,50
"Devoted Health",0,2000,12600,1500000000,2200,2017,9,1,5,5,6.3,15,682,3,0,3,1,1,2,51,46,9,0,3,44,1,,4,[object Object],[object Object],[object Object],5,4,0,0,0,0,0,,,1,1,67681,1,0,0,33
"Dexterity",0,20,,140000000,351,2017,9,2,1,3,,7,399,3,1,2,1,2,4,114,46,25,0,3,56,0,,0,,5,65,1,1195,0,0,0,,,1,0,,1,0,0,39
"Didimo",0,3,,10000000,31,2016,10,1,2,2,,7,323,3,1,2,0,0,3,104,0,26,0,0,44,0,,0,,5,2,0,0,0,0,0,,,1,0,,1,0,0,40
"Disperse",0,10,,40000000,31,2015,11,2,1,3,,29,1290,3,2,3,0,0,2,114,6,6,0,0,44,0,,0,,5,29,1,162,0,0,0,,,1,0,,1,0,0,56
"Docugami",0,8,,37000000,31,2018,8,2,0,2,,18,1194,3,1,3,0,0,3,141,11,211,0,0,68,1,,219,[object Object],[object Object],[object Object],5,0,0,0,0,0,0,,,1,0,,1,0,0,56
"Domino Data Lab",0,80,,228000000,252,2013,13,2,3,6,,21,905,3,2,3,1,1,3,86,25,138,0,0,44,1,,0,[object Object],[object Object],[object Object],5,7,0,0,0,0,0,,,1,1,468551,2,0,0,41
"Doxel",0,15,,97000000,126,2016,10,2,1,3,,14,770,2,2,2,1,2,3,114,77,40,0,3,56,1,,3,[object Object],[object Object],[object Object],5,2,0,0,0,0,0,,,1,0,,2,0,0,43
"Drata",0,,,328000000,751,2020,6,2,7,,,,437,0,0,3,1,1,0,28,10,0,0,1,,1,,9,[object Object],[object Object],[object Object],5,13,0,0,0,0,0,,,1,1,43374,1,0,0,40
"Duolingo",0,,,183000000,2379,2011,15,2,2,,,,77,0,0,4,1,1,0,104,36,0,3,3,,1,,1650,[object Object],[object Object],[object Object],5,612,1,47842,0,6,0,,,1,1,420,2,0,0,32
"Dust",0,,80,16000000,20,2023,3,2,0,2,,40,800,3,2,2,1,2,4,141,60,129,0,4,20,0,,0,,5,1392,1,11512,0,17,0,,,1,1,169209,2,0,0,67
"E2B",0,1,,4000000,25,2022,4,3,4,1,,5,160,3,3,2,1,1,3,78,46,18,0,0,32,0,,0,,5,93,1,14,0,0,1,0,0,1,1,423895,1,0,0,54
"eFishery",0,100,1000,200000000,751,2013,13,1,1,5,10,8,266,2,2,3,1,1,3,114,38,9,0,1,32,1,,126,[object Object],[object Object],[object Object],5,3,1,532,0,0,0,,,1,0,,1,0,0,32
"Eigen Technologies",0,20,,72000000,125,2014,12,2,0,4,,10,576,3,2,3,0,0,3,141,14,16,0,0,56,1,,57,[object Object],[object Object],[object Object],5,1,0,0,0,0,0,,,1,0,,1,0,0,47
"Eightfold AI",0,80,2100,396000000,751,2016,10,2,0,6,26.3,9,527,3,3,3,1,2,3,141,71,85,0,3,56,1,,25,[object Object],[object Object],[object Object],5,3,0,0,0,0,0,,,1,1,30528,1,0,0,42
"Elastic",0,,,252000000,4943,2012,14,1,3,,,,51,0,0,3,1,2,0,86,46,0,3,1,,1,,4,[object Object],[object Object],[object Object],5,1708,1,747,0,0,0,,,1,1,2438,1,0,0,18
"ElevenLabs",0,330,11000,791000000,710,2022,4,3,2,5,33.3,1114,1114,0,0,5,1,4,0,104,133,0,0,3,1,1,,2384,[object Object],[object Object],[object Object],5,279,1,33625,0,0,0,,,1,1,4339,2,0,0,78
"EliseAI",0,,2200,250000000,535,2017,9,2,5,6,,58,467,2,0,3,1,1,3,51,54,8,0,4,8,1,,0,,5,0,0,0,0,0,0,,,1,1,102465,1,0,0,57
"Elsa Speak",0,15,,27000000,31,2015,11,1,2,3,,20,871,3,1,2,0,0,3,104,0,8,0,0,44,0,,0,,5,0,1,33328,0,0,0,,,1,1,113441,1,0,0,48
"Ema",0,,300,75000000,31,2023,3,2,3,2,,302,2419,3,3,4,1,2,4,86,36,237,0,1,8,0,,0,,5,140,1,176,0,0,0,,,1,1,678276,1,0,0,68
"Endel",0,5,,8000000,25,2018,8,1,2,1,,4,320,3,2,2,0,0,3,104,2,49,0,0,80,0,,0,,5,23,1,77,0,0,0,,,1,1,101405,1,0,0,35
"Enveda Biosciences",0,,1200,520000000,175,2019,7,2,5,5,,371,2971,3,3,3,1,2,4,51,46,16,0,1,8,0,,0,,5,1,0,0,0,0,0,,,1,0,,1,0,0,64
"Equals",0,5,,16000000,35,2020,6,2,0,2,,10,457,3,1,2,1,1,3,141,51,184,0,3,44,0,,0,,5,497,1,121,0,0,0,,,1,1,631003,1,0,0,47
"Evisort",0,20,,55000000,125,2016,10,2,6,3,,8,440,3,2,3,1,1,3,49,40,17,0,2,56,0,,0,,5,5,0,0,0,0,0,,,1,1,327632,1,0,0,33
"Exa",0,3,,22000000,31,2021,5,3,4,2,,35,710,2,0,2,1,2,3,78,58,178,0,2,20,1,,0,[object Object],5,85,1,256,0,0,0,,,1,1,77928,1,0,0,66
"Exscientia",1,80,,510000000,995,2012,14,1,5,,,,513,3,2,2,0,0,3,51,0,14,0,0,,1,,284,[object Object],[object Object],[object Object],5,1,0,0,0,0,0,,,1,0,,1,0,0,42
"Factory",0,,,36000000,31,2023,3,3,4,2,,58,1161,3,1,3,1,3,3,78,133,180,0,3,20,1,,0,,5,3905,1,11062,0,736,0,,,1,1,49895,1,0,0,71
"Faculty",1,,1000,0,126,2014,12,2,0,,,,,0,0,0,0,0,0,141,0,0,0,0,,0,,0,,5,1322,1,546,0,17884,0,,,1,1,667798,1,0,0,68
"Faire",0,500,12400,1300000000,3001,2017,9,1,0,6,24.8,10,433,3,0,3,1,2,2,141,62,17,0,2,44,1,,56,[object Object],[object Object],[object Object],5,191,1,197,0,0,0,,,1,1,12148,1,0,0,37
"Farmers Business Network",0,400,3900,900000000,750,2014,12,1,1,6,9.8,21,1200,3,0,3,1,1,3,114,35,22,0,3,56,1,,2,[object Object],[object Object],[object Object],5,2,1,816,0,0,0,,,1,1,193121,1,0,0,32
"Fathom",0,10,,23000000,126,2020,6,2,0,2,,6,183,3,2,2,1,1,3,141,14,88,0,1,32,0,,0,,5,179,1,6925,0,0,0,,,1,1,18995,1,0,0,46
"Ferrum Health",0,,100,24000000,31,2019,7,2,5,2,,39,774,3,1,2,1,1,3,51,31,12,0,2,20,1,,0,[object Object],[object Object],5,0,0,0,0,0,0,,,1,0,,1,0,0,56
"Fetcher",0,12,,27000000,2,2016,10,1,0,3,,307,13500,3,2,3,0,0,3,141,4,10,0,0,44,1,,8,[object Object],[object Object],[object Object],5,56,1,126,0,0,0,,,1,0,,1,0,0,55
"Fiddler AI",0,15,,68000000,90,2018,8,2,3,3,,17,756,3,2,3,1,2,3,86,60,14,0,1,44,1,,0,,5,2,0,0,0,0,0,,,1,1,562546,1,0,0,46
"Figma",0,,,333000000,2781,2012,14,1,2,,,,120,0,0,3,1,2,0,104,35,0,1,0,,1,,107,[object Object],[object Object],[object Object],5,1701,1,33809,0,0,0,,,1,1,839,2,0,0,20
"Figure",0,,39000,1700000000,351,2022,4,3,1,4,,807,4843,0,0,7,1,3,0,114,51,0,0,2,6,1,,0,[object Object],[object Object],5,6379,1,878,0,0,0,,,1,1,174318,1,0,0,78
"Filevine",0,,3000,260000000,751,2015,11,1,6,6,,43,346,3,0,2,0,0,3,49,0,25,0,0,8,1,,0,[object Object],[object Object],[object Object],5,4,0,0,0,0,0,,,1,1,157218,1,0,0,53
"Fireflies.ai",0,20,,19000000,126,2016,10,2,0,2,,3,151,3,3,1,0,0,3,141,0,88,0,0,56,1,,10,[object Object],[object Object],[object Object],5,7,0,0,0,0,0,,,1,1,33695,1,0,0,43
"Fireworks AI",0,,4000,500000000,126,2022,4,3,3,4,,496,3968,3,3,5,1,4,4,86,136,104,0,3,8,0,,0,,5,5,0,0,0,0,0,,,1,1,102877,1,0,0,78
"Fivetran",0,,,730000000,1753,2012,14,1,3,,,,416,0,0,3,1,2,0,86,69,0,1,4,,1,,10,[object Object],[object Object],[object Object],5,103,0,0,0,0,0,,,1,1,10471,1,0,0,31
"Fixie.ai",0,3,,17000000,25,2022,4,3,4,2,,21,680,3,1,3,0,0,3,78,8,242,0,0,32,0,,0,,5,7,0,0,0,0,0,,,1,0,,1,0,0,72
"Flexport",0,4000,8000,2300000000,3250,2013,13,1,1,6,2,16,708,3,0,4,1,3,1,114,94,4,0,4,44,1,,0,[object Object],[object Object],[object Object],5,255,1,3613,0,0,0,,,1,1,5911,1,0,0,33
"Fly.io",0,20,,95000000,126,2017,9,2,4,4,,24,754,3,1,2,1,2,3,78,37,20,0,2,32,0,,0,,5,681,0,0,0,0,0,,,1,1,32049,1,0,0,52
"Forethought",0,25,,92000000,126,2017,9,2,0,4,,17,730,3,2,2,0,0,3,141,15,77,0,1,44,0,,0,,5,20,1,138,0,0,0,,,1,1,17548,1,0,0,56
"Forward Health",0,,,225000000,351,2016,10,2,5,,,,641,0,0,3,1,3,0,51,59,0,0,2,,0,,0,,5,3,0,0,0,0,0,,,1,0,,1,0,0,46
"FourKites",0,80,2200,300000000,554,2014,12,1,1,5,27.5,10,542,3,2,2,0,0,3,114,5,68,0,0,56,1,,1,[object Object],5,1,1,15002,0,0,0,,,1,1,102920,1,0,0,40
"Freenome",0,50,2500,1100000000,351,2014,12,0,5,5,50,56,3134,3,0,3,1,2,3,51,66,14,0,4,56,1,,0,,5,6,0,0,0,185,0,,,1,0,,1,0,0,40
"FreshBooks",0,100,,169000000,392,2003,23,1,6,3,,8,431,3,0,3,0,0,2,49,6,11,0,0,56,1,,10,[object Object],[object Object],[object Object],5,181,1,1250,0,0,0,,,1,1,14560,1,0,0,29
"Functionize",0,10,,30000000,90,2017,9,1,4,3,,5,333,3,1,2,1,1,3,78,29,7,0,0,68,1,,0,,5,74,1,2082,0,0,0,,,1,1,139025,1,0,0,24
"Galileo AI",1,,,4400000,151,2022,4,2,4,,,,29,0,0,0,0,0,0,78,0,0,0,0,,1,,0,[object Object],[object Object],[object Object],5,5,0,0,0,0,0,,,1,0,,1,0,0,56
"Gamma",0,,2100,68000000,126,2020,6,2,2,3,,67,540,3,2,2,1,2,4,104,75,225,0,3,8,0,,0,,5,508,1,19883,0,702,1,4.74,8629,1,1,3486,1,0,0,62
"Gatik",0,20,,115000000,351,2017,9,1,1,3,,7,328,3,0,3,0,0,3,114,0,7,0,0,44,1,,0,,5,8,1,661,0,0,0,,,1,0,,1,0,0,41
"Gem",0,60,1200,148000000,350,2017,9,0,0,4,20,10,423,3,1,3,1,3,3,141,52,60,0,1,44,1,,47,[object Object],[object Object],[object Object],5,1467,1,2019,0,3724,1,4.93,914,1,1,61257,1,0,0,34
"Generate Biomedicines",0,30,2000,370000000,250,2018,8,1,5,3,66.7,34,1480,3,1,1,0,0,3,51,2,16,0,0,44,1,,0,,5,0,1,417,0,0,0,,,1,0,,1,0,0,54
"Genmo",0,,200,58000000,40,2022,4,3,2,2,,73,1450,3,2,3,1,1,3,104,18,57,0,2,20,0,,0,,5,3,0,0,0,0,0,,,1,1,226707,1,0,0,68
"Giskard",0,,40,8000000,25,2021,5,2,4,1,,16,320,3,3,2,1,1,3,78,43,23,0,0,20,0,,0,,5,30,1,22,0,0,0,,,1,0,,1,0,0,53
"Glean",0,100,7200,800000000,900,2019,7,2,0,6,72,99,889,3,3,4,1,4,3,141,102,242,0,4,9,1,,147,[object Object],[object Object],[object Object],5,107,1,6534,0,0,0,,,1,1,16018,1,0,0,71
"Glide",0,,200,53000000,100,2018,8,2,4,2,,9,530,3,2,2,1,1,3,78,17,184,0,1,56,0,,0,,5,183,1,281,0,4,1,2.73,26,1,1,87148,1,0,0,36
"Gloat",0,30,850,182000000,325,2015,11,1,0,5,28.3,13,560,3,0,3,1,2,3,141,35,84,0,0,44,0,,0,,5,6,1,68,0,0,0,,,1,1,406058,1,0,0,38
"Gong",0,200,7250,584000000,1350,2015,11,0,0,6,36.3,8,433,3,2,4,1,3,3,141,113,136,0,3,56,0,,0,,5,73,1,10053,0,0,0,,,1,1,15872,2,0,0,34
"Goodfire",0,,1250,200000000,15,2023,3,3,3,3,,13333,13333,0,0,6,1,2,0,86,49,0,0,4,1,1,,0,[object Object],[object Object],[object Object],5,11,0,0,0,0,0,,,1,0,,1,0,0,81
"Google DeepMind",0,,,0,3500,2010,16,1,3,,,,,0,0,1,0,0,0,86,0,0,0,0,,1,,1542,[object Object],[object Object],[object Object],5,570,1,41836,0,2054,0,,,1,1,12963,2,0,0,43
"Grafana Labs",0,150,6000,394000000,750,2014,12,2,4,5,40,12,525,3,2,3,1,2,3,78,74,32,0,2,44,0,,0,,5,41,1,48283,0,0,0,,,1,1,2369,1,0,0,44
"Grain",0,5,,21000000,50,2019,7,2,0,2,,10,420,3,3,3,1,1,3,141,41,16,0,0,44,0,,0,,5,550,1,13078,0,2619,1,4.89,212,1,1,108639,1,0,1,44
"Grammarly",0,,,400000000,1000,2009,17,1,0,,,,400,0,0,3,1,1,0,141,46,0,0,3,,1,,1364,[object Object],[object Object],[object Object],5,269,1,16197,0,0,1,4.66,208172,1,1,302,1,0,0,32
"Graphcore",0,,2800,710000000,500,2016,10,0,3,6,,21,1420,4,2,6,1,2,5,86,59,22,0,3,68,1,0,12,[object Object],[object Object],[object Object],5,137,1,3123,0,30,0,,,1,1,333866,1,0,0,36
"Gretel",0,10,,67000000,90,2020,6,2,3,3,,17,744,3,3,3,1,3,3,86,67,30,0,5,44,0,,0,,5,91,1,408,0,0,0,,,1,0,,2,0,0,51
"Groq",1,,6900,1750000000,250,2016,10,3,3,5,,1167,7000,0,0,3,0,0,0,86,4,0,0,0,6,1,,773,[object Object],[object Object],[object Object],5,345,1,46588,0,0,0,,,1,1,27858,2,0,0,84
"Gusto",0,400,9500,746000000,2800,2011,15,2,6,6,23.8,5,266,3,1,2,1,1,3,49,45,15,0,2,56,1,,42,[object Object],[object Object],[object Object],5,220,1,315,0,0,0,,,1,1,15913,2,0,0,29
"H2O.ai",0,,,251000000,400,2012,14,1,0,,,,628,0,0,3,1,1,0,141,43,0,0,1,,1,,35,[object Object],[object Object],[object Object],5,26,1,460,0,0,0,,,1,1,69814,2,0,0,32
"Hailo",0,,800,224000000,250,2017,9,2,3,4,,28,896,3,0,4,0,0,5,86,0,25,0,0,32,1,,20,[object Object],[object Object],[object Object],5,66,1,457,0,0,1,4.77,43,1,1,272468,2,0,0,69
"Harness",0,100,3700,425000000,750,2017,9,2,4,5,37,13,567,3,1,3,1,1,3,78,14,114,0,0,44,1,,34,[object Object],[object Object],[object Object],5,695,1,1019,0,0,1,0,0,1,1,10503,2,0,0,45
"Harvey",0,100,11000,1000000000,500,2022,4,3,6,6,110,2000,2000,0,0,4,1,3,0,49,97,0,0,6,1,0,,0,,5,429,1,1507,0,8916,0,,,1,1,54425,2,0,0,82
"Hazy",0,5,,11000000,50,2017,9,2,3,2,,4,220,2,2,2,0,0,3,86,3,75,0,0,56,0,,0,,5,52,1,6741,0,0,0,,,1,0,,1,0,0,41
"Headspace",0,150,,300000000,900,2010,16,1,2,,,6,333,3,1,2,0,0,3,104,7,36,0,0,56,1,,0,,5,98,1,226,0,0,0,,,1,1,7552,1,0,0,32
"Hebbia",0,10,700,161000000,50,2020,6,3,0,3,70,3220,3220,3,2,3,1,2,3,141,52,84,0,2,1,1,,4,[object Object],[object Object],[object Object],5,6,1,2265,0,0,1,4.98,49,1,1,582498,1,0,0,80
"Height",0,5,,10000000,25,2019,7,3,4,2,,9,400,3,1,2,1,1,3,78,46,25,0,0,44,0,,0,,5,868,1,9119,0,0,0,,,1,0,,1,0,0,48
"Helsing",0,,5400,500000000,450,2021,5,3,7,5,,56,1111,2,2,2,1,1,1,28,38,1,0,2,20,0,,0,,5,30,1,809,0,0,1,4.93,41,1,1,448492,1,0,0,62
"HeyGen",0,35,,60000000,125,2020,6,3,2,2,,15,480,3,1,2,1,1,3,104,11,57,0,0,32,0,,0,,5,35,1,5553,0,0,0,,,1,1,14294,1,0,0,58
"Highspot",0,150,3500,642000000,1250,2012,14,2,0,,23.3,12,514,3,1,3,1,2,3,141,61,177,1,1,44,1,,0,[object Object],[object Object],[object Object],5,6,0,0,0,0,0,,,1,1,19659,1,0,0,40
"Hightouch",0,25,,68000000,125,2018,8,2,3,3,,12,544,3,2,3,1,1,3,86,51,95,0,0,44,0,,0,,5,41,1,763,0,0,0,,,1,1,165308,2,0,1,44
"Hippocratic AI",0,,3500,404000000,125,2023,3,3,5,4,,404,3232,2,0,4,1,4,3,51,134,180,0,6,8,0,,0,,5,2,0,0,0,0,0,,,1,1,414810,1,0,0,79
"Hireology",0,40,,48000000,225,2010,16,1,0,4,,3,213,3,0,3,0,0,3,141,7,12,0,0,68,0,,0,,5,0,0,0,0,0,0,,,1,1,61226,1,0,0,31
"HireVue",0,100,,93000000,450,2004,22,1,0,,,,207,3,1,1,0,0,3,141,0,26,0,0,,1,0,48,[object Object],[object Object],[object Object],5,14,1,1614,0,0,1,4.37,2044,1,1,55612,1,0,0,38
"Hopper",0,2000,5000,726000000,2600,2007,19,2,2,6,2.5,6,279,3,0,3,1,1,3,104,13,7,0,0,44,1,,16,[object Object],[object Object],[object Object],5,480,1,1033,0,59,0,,,1,1,22416,2,0,0,27
"Hugging Face",0,,,395000000,280,2016,10,3,3,,,,1411,0,0,4,1,4,0,86,61,0,2,1,,1,,465,[object Object],[object Object],[object Object],5,641,1,18802,0,91,0,,,1,1,2052,2,0,0,60
"Humans&",0,,,480000000,75,2025,1,2,3,1,,800,6400,0,0,1,0,0,0,86,2,0,0,0,8,1,,2,[object Object],[object Object],[object Object],5,10101,1,17763,0,0,0,,,1,0,,1,0,0,83
"Hume AI",1,,,80000000,60,2021,5,3,3,,,,1333,0,0,0,0,0,0,86,0,0,0,0,,1,,708,[object Object],[object Object],[object Object],5,4,0,0,0,0,0,,,1,0,,2,0,0,87
"Hunters",0,30,,118000000,180,2018,8,2,7,4,,15,656,3,0,4,0,0,3,28,4,104,0,0,44,0,,0,,5,658,1,496,0,20,0,,,1,0,,1,0,0,53
"Hyperscience",0,50,1500,261000000,350,2014,12,1,0,6,30,17,746,3,3,3,1,2,3,141,54,134,0,1,44,1,,2,[object Object],[object Object],[object Object],5,2,0,0,0,0,0,,,1,1,924359,1,0,0,39
"Icertis",0,200,5000,296000000,1900,2009,17,1,6,6,25,3,156,3,1,3,0,0,3,49,5,168,0,0,56,0,,0,,5,1,1,1422,0,0,0,,,1,1,121853,1,0,0,31
"ICEYE",0,80,1000,304000000,550,2014,12,2,1,6,12.5,13,553,3,2,2,0,0,3,114,1,16,0,0,44,0,,0,,5,17,1,5207,0,0,0,,,1,1,278340,1,0,0,46
"Ideogram",0,15,500,80000000,40,2022,4,3,2,2,33.3,63,2000,3,1,2,1,2,3,104,66,123,0,3,32,0,,0,,5,26,1,9224,0,0,0,,,1,1,28678,1,0,0,70
"Imbue",0,,1000,220000000,50,2021,5,3,3,3,,138,4400,2,2,3,1,2,3,86,77,184,0,3,32,0,,0,,5,31,1,188,0,0,0,,,1,0,,1,0,0,70
"Indigo Agriculture",0,200,3500,1200000000,800,2014,12,1,1,6,17.5,22,1500,3,1,2,0,0,3,114,2,17,0,0,68,0,,0,,5,1,1,707,0,0,0,,,1,1,493289,1,0,0,41
"Induced AI",0,2,,4000000,15,2022,4,3,4,1,,8,267,3,2,2,1,1,3,78,19,109,0,2,32,1,,4,[object Object],[object Object],[object Object],5,1,0,0,0,0,0,,,1,0,,1,0,0,52
"Inflection AI Enterprise",1,,,1500000000,65,2022,4,0,0,,,,23077,0,0,4,1,1,0,141,10,0,0,0,,0,,0,,5,0,0,0,0,0,0,,,1,1,203673,1,0,0,52
"Informatica",1,,8000,350000000,3200,1993,33,1,0,,,,109,0,0,0,0,0,0,141,0,0,4,0,,0,,0,,5,66,1,5491,0,12066,0,,,1,1,30808,1,0,0,35
"Insilico Medicine",0,,,407000000,350,2014,12,2,5,5,,26,1163,3,3,3,0,0,3,51,3,7,0,0,44,1,,92,[object Object],[object Object],[object Object],5,4,1,2246,0,69,0,,,1,1,341351,1,0,0,52
"Insitro",0,,2400,643000000,275,2018,8,1,5,4,,42,2338,3,3,4,1,2,3,51,73,14,0,4,56,1,,92,[object Object],[object Object],[object Object],5,9,0,0,0,0,0,,,1,0,,1,0,0,40
"Instabase",0,50,2000,405000000,450,2015,11,1,0,5,40,20,900,3,3,3,1,3,3,141,64,242,0,3,44,1,,3,[object Object],[object Object],[object Object],5,4,1,646,0,0,1,4.2,10,1,1,590239,1,0,0,45
"Intercom",0,250,1300,241000000,900,2011,15,2,0,5,5.2,3,268,3,1,3,1,3,3,141,50,211,1,2,92,1,,0,[object Object],[object Object],[object Object],5,818,1,3290,0,0,0,,,1,1,1912,1,0,0,27
"InVideo",0,30,,52000000,250,2017,9,2,2,2,,4,208,3,1,2,1,1,3,104,44,55,0,1,56,0,,0,,5,14,0,0,0,0,1,4.58,26152,1,1,12303,1,0,0,32
"Inworld AI",0,10,500,115000000,90,2021,5,1,2,3,50,64,1278,3,2,3,1,1,4,104,30,22,0,1,20,0,,0,,5,9,0,0,0,0,0,,,1,1,100904,1,0,0,59
"io Products",1,,6500,225000000,,2024,2,,2,,,,,0,0,2,0,0,0,104,1,0,0,0,,1,,0,,5,103,1,7,0,0,0,,,1,1,26548,1,0,0,83
"Ironclad",0,,,333000000,550,2014,12,2,6,,,,605,0,0,4,1,3,0,49,88,0,0,0,,1,,4560,[object Object],[object Object],[object Object],5,65,1,7242,0,0,0,,,1,0,,1,0,1,43
"Isomorphic Labs",0,,,500000000,150,2021,5,2,5,,,,3333,3,1,1,0,0,1,51,2,1,0,0,,1,,0,[object Object],[object Object],5,15,1,8306,0,0,0,,,1,1,871524,2,0,0,71
"Iterable",0,150,2000,342000000,850,2013,13,2,0,6,13.3,7,402,3,0,3,0,0,3,141,12,113,0,1,56,1,,5,[object Object],[object Object],[object Object],5,98,0,0,0,0,0,,,1,1,2993,2,0,0,41
"Jasper",0,,,131000000,250,2021,5,1,0,,,,524,0,0,4,1,4,0,141,69,0,0,0,,0,,0,,5,170,1,16813,0,40,0,,,1,1,13511,2,0,0,43
"Jupiter Intelligence",0,20,,109000000,125,2017,9,2,1,4,,20,872,3,2,3,1,1,3,114,14,5,0,2,44,0,,0,,5,0,0,0,0,0,0,,,1,0,,2,0,0,46
"Jurny",0,15,,35000000,100,2019,7,2,1,3,,11,350,2,0,2,1,1,3,114,12,5,0,0,32,1,,0,,5,0,0,0,0,0,0,,,1,0,,1,0,0,47
"K Health",0,50,1400,273000000,450,2016,10,1,5,6,28,14,607,3,1,3,0,0,3,51,3,10,0,0,44,1,,8,[object Object],[object Object],[object Object],5,3,1,1095,0,0,0,,,1,1,58635,2,0,0,44
"Kaedim",0,3,,15000000,40,2020,6,1,2,2,,12,375,3,1,2,1,1,3,104,31,58,0,2,32,1,,50,[object Object],[object Object],[object Object],5,3,0,0,0,0,0,,,1,1,495784,1,0,0,42
"Kaiber",0,5,,10000000,25,2022,4,2,2,1,,13,400,3,2,1,0,0,3,104,0,44,0,0,32,0,,0,,5,2,0,0,0,0,0,,,1,1,154131,1,0,0,65
"Kairos Power",0,50,,350000000,450,2016,10,3,1,4,,24,778,2,0,2,0,0,3,114,0,72,0,0,32,0,,0,,5,9,1,1660,0,94,0,,,1,1,643431,1,0,0,71
"Kapwing",0,20,,68000000,70,2017,9,2,2,3,,22,971,3,3,3,1,1,3,104,33,55,0,1,44,1,,0,[object Object],[object Object],[object Object],5,118,0,0,0,0,0,,,1,1,16837,1,0,0,47
"Khan Academy",0,,,16000000,300,2008,18,2,2,,,,53,0,0,4,1,1,0,104,10,0,0,2,,1,,0,,5,586,1,33100,0,1387,0,,,1,1,2199,1,0,0,28
"Kin Insurance",0,200,1000,265000000,450,2016,10,1,6,5,5,11,589,3,0,3,0,0,2,49,1,4,0,0,56,0,,0,,5,2,1,796,0,0,0,,,1,1,161761,1,0,0,32
"Klarna",0,2000,6700,4500000000,3800,2005,21,0,6,,3.4,59,1184,3,0,3,1,2,3,49,85,7,0,3,20,1,,49,[object Object],[object Object],[object Object],5,292,1,35585,0,0,0,,,1,1,1976,2,0,0,41
"Klevu",0,15,,28000000,90,2013,13,2,0,2,,7,311,3,2,3,0,0,3,141,0,14,0,0,44,0,,0,,5,0,0,0,0,0,0,,,1,1,5861,1,0,0,48
"Kodiak Robotics",0,,1000,250000000,175,2018,8,2,1,4,,45,1429,3,0,3,0,0,2,114,1,6,0,0,32,1,,0,[object Object],[object Object],5,5,0,0,0,0,0,,,1,1,716938,1,0,0,67
"Koi Security",1,,400,0,,2025,1,,7,,,,,0,0,0,0,0,0,28,0,0,0,0,,0,,0,,5,1,0,0,0,0,0,,,1,0,,0,0,0,84
"Komodo Health",0,100,3300,420000000,650,2014,12,2,5,6,33,15,646,3,0,3,1,2,3,51,51,12,0,1,44,1,,1,[object Object],[object Object],[object Object],5,0,0,0,0,0,0,,,1,1,896935,1,0,0,43
"Kong",0,60,1400,227000000,450,2017,9,2,4,5,23.3,9,504,3,0,3,1,2,3,78,73,17,0,1,56,1,,3,[object Object],[object Object],[object Object],5,3207,1,703,0,201999,0,,,1,1,9976,1,0,0,38
"Kore.ai",0,60,900,223000000,900,2013,13,2,0,5,15,8,248,3,2,3,1,1,3,141,31,17,0,1,32,0,,0,,5,2,0,0,0,0,0,,,1,1,44291,1,0,0,41
"Koyeb",1,,,0,13,2019,7,3,3,,,,,0,0,0,0,0,0,86,0,0,0,0,,1,,3,[object Object],[object Object],[object Object],5,114,0,0,0,0,0,,,1,0,,1,0,0,85
"Kraken Robotics",0,50,200,50000000,250,2012,14,1,1,,4,,200,3,0,1,0,0,3,114,2,12,0,0,,0,,0,,5,0,1,2094,0,0,0,,,1,0,,1,0,0,32
"Krutrim",0,,1000,50000000,120,2023,3,3,3,2,,21,417,2,2,1,0,0,3,86,0,4,0,0,20,0,,0,,5,7,0,0,0,0,0,,,1,0,,1,0,0,75
"Labelbox",0,,,188000000,250,2018,8,2,1,,,,752,0,0,3,1,1,0,114,19,0,0,2,,1,,14,[object Object],[object Object],[object Object],5,21,0,0,0,0,0,,,1,1,85038,1,0,0,51
"Lacework",0,100,8300,1300000000,800,2015,11,2,7,5,83,37,1625,3,1,4,1,3,3,28,89,27,0,2,44,1,,3,[object Object],[object Object],[object Object],5,28,1,104,0,0,0,,,1,1,451217,1,0,0,52
"Lambda Labs",0,100,1500,2400000000,250,2012,14,1,3,4,15,480,9600,3,2,2,0,0,2,86,2,22,0,0,20,1,,18,[object Object],[object Object],[object Object],5,17,0,0,0,0,0,,,1,1,148020,1,0,0,55
"LambdaTest",0,40,,70000000,450,2017,9,2,4,4,,4,156,2,0,2,0,0,3,78,4,106,0,0,44,1,,44,[object Object],[object Object],[object Object],5,9,1,21977,0,0,0,,,1,1,36405,1,0,0,46
"LANDR",0,15,,30000000,125,2014,12,1,2,3,,2,240,2,0,2,0,0,3,104,0,14,0,0,104,0,,0,,5,20,1,2095,0,0,0,,,1,1,36118,1,0,0,30
"LangChain",0,,,35000000,65,2022,4,3,4,,,,538,0,0,2,1,2,0,78,25,0,1,0,,1,,1361,[object Object],[object Object],[object Object],5,993,1,10597,0,0,0,,,1,1,25701,1,0,0,57
"Langdock",0,,50,10000000,30,2023,3,3,0,1,,17,333,2,2,2,1,2,3,141,79,208,0,2,20,1,,12,[object Object],[object Object],[object Object],5,2,0,0,0,0,0,,,1,1,189676,1,0,1,63
"LangSmith",0,,200,35000000,65,2023,3,2,4,2,,27,538,3,2,2,1,2,3,78,57,27,0,2,20,0,,0,,5,44,0,0,0,0,0,,,1,0,,1,0,0,58
"Latitude",0,8,,15000000,28,2019,7,1,2,2,,10,536,2,1,2,0,0,2,104,3,4,0,0,56,0,,0,,5,342,1,23264,0,911,0,,,1,0,,1,0,0,39
"Lattice",0,100,3000,328000000,550,2015,11,2,0,6,30,14,596,3,2,3,1,2,3,141,47,84,1,1,44,1,,346,[object Object],[object Object],[object Object],5,363,1,1093,0,275,0,,,1,1,56702,1,0,0,45
"LaunchDarkly",0,100,3000,330000000,550,2014,12,1,4,6,30,14,600,3,0,3,1,3,3,78,27,118,0,1,44,1,,5,[object Object],[object Object],[object Object],5,191,1,154,0,0,0,,,1,1,281,1,0,0,34
"Lavender",0,,,13000000,40,2020,6,3,0,,,,325,0,0,2,0,0,0,141,1,0,0,0,,0,,0,,5,40,1,3446,0,0,0,,,1,1,527283,1,0,0,68
"LayerX",0,,500,100000000,175,2018,8,2,6,3,,71,571,3,2,2,1,1,3,49,32,85,0,1,8,1,,0,,5,9,1,1224,0,0,0,,,1,0,,1,0,0,56
"Leena AI",0,15,,40000000,225,2018,8,2,0,3,,4,178,3,1,2,1,1,3,141,3,84,0,0,44,0,,0,,5,1,0,0,0,0,0,,,1,1,98507,1,0,0,36
"Lemurian Labs",0,,,16000000,35,2020,6,3,3,2,,23,457,3,2,2,0,0,2,86,8,4,0,0,20,0,,0,,5,0,0,0,0,0,0,,,1,0,,1,0,0,69
"Lensa",0,50,,10000000,60,2018,8,1,2,,,,167,3,0,1,0,0,2,104,0,3,0,0,,0,,0,,5,33,1,88,0,0,0,,,1,1,875390,1,0,0,43
"LeoLabs",0,25,,100000000,90,2016,10,2,1,3,,25,1111,3,0,2,1,1,3,114,34,11,0,1,44,0,,0,,5,25,1,908,0,0,0,,,1,1,259326,1,0,0,46
"Leonardo.ai",0,20,,31000000,60,2022,4,3,2,2,,26,517,3,1,2,0,0,4,104,1,72,0,0,20,0,,0,,5,5,1,516,0,0,0,,,1,1,14683,1,0,0,74
"Lessen",0,50,1000,310000000,350,2020,6,2,1,3,20,20,886,3,0,3,0,0,3,114,15,8,0,0,44,1,,0,,5,85,1,35,0,0,0,,,1,1,208141,1,0,0,59
"Letta",0,1,,10000000,12,2023,3,3,3,1,,42,833,2,1,2,1,2,3,86,58,114,0,3,20,0,,0,,5,28,1,62,0,0,0,,,1,1,347065,1,0,0,69
"Levels",0,50,,80000000,125,2019,7,2,5,2,,15,640,3,0,3,1,2,3,51,84,20,0,4,44,0,,0,,5,4996,1,315,0,0,0,,,1,0,,1,0,0,48
"Lex",0,2,,2700000,8,2022,4,2,2,1,,8,338,3,1,2,0,0,3,104,1,184,0,0,44,0,,0,,5,567,1,1219,0,31,1,4.45,5217,1,1,710009,1,0,0,52
"Lightmatter",0,30,1200,420000000,250,2017,9,2,3,5,40,84,1680,3,0,3,1,2,4,86,35,97,0,2,20,1,,8,[object Object],[object Object],[object Object],5,32,0,0,0,76,0,,,1,1,944030,1,0,0,64
"Lightricks",0,200,1800,335000000,550,2013,13,2,2,5,9,11,609,3,0,2,1,1,3,104,43,48,0,0,56,1,,17163,[object Object],[object Object],[object Object],5,20,1,2112,0,0,0,,,1,1,33959,1,0,0,34
"Lila Sciences",0,,1300,550000000,65,2023,3,3,5,2,,1058,8462,2,2,3,1,2,3,51,71,14,0,3,8,0,,0,,5,1,0,0,0,0,0,,,1,0,,1,0,0,76
"Lilt",0,30,,92000000,175,2015,11,1,0,4,,12,526,3,2,3,1,2,3,141,51,72,0,3,44,1,,0,[object Object],[object Object],[object Object],5,7,1,2665,0,0,0,,,1,1,474692,1,0,0,36
"Lily AI",0,20,,68000000,125,2015,11,2,0,4,,27,544,3,1,3,0,0,3,141,17,80,0,1,20,0,,0,,5,1,0,0,0,0,0,,,1,0,,1,0,0,61
"Lindy AI",0,,200,54000000,40,2023,3,3,0,2,,68,1350,2,0,3,1,2,3,141,61,176,0,3,20,0,,0,,5,1,0,0,0,0,0,,,1,1,123920,1,0,0,73
"Linear",0,30,400,52000000,60,2019,7,2,4,3,13.3,20,867,3,1,3,1,3,3,78,116,118,0,2,44,1,,76,[object Object],[object Object],[object Object],5,3223,1,3730,0,435,0,,,1,1,16719,1,0,0,46
"Liquid AI",0,,,250000000,,2023,3,,3,,,,,0,0,3,0,0,0,86,4,0,0,0,,0,,0,,5,11,0,0,0,0,0,,,1,1,492483,0,0,0,80
"LlamaIndex",0,,,19000000,40,2022,4,3,4,,,,475,0,0,2,1,1,0,78,28,0,0,2,,1,,529,[object Object],[object Object],[object Object],5,172,0,0,0,0,0,,,1,1,105987,1,0,0,55
"LMArena",0,,,250000000,,2023,3,,4,,,,,0,0,4,1,3,0,78,62,0,0,4,,1,,519,[object Object],[object Object],[object Object],5,61,1,12195,0,0,0,,,1,1,11943,0,0,0,57
"Loadsmart",0,400,,289000000,450,2014,12,1,1,5,,15,642,3,1,3,0,0,3,114,4,4,0,1,44,1,,0,[object Object],[object Object],[object Object],5,4,0,0,0,0,0,,,1,1,104080,1,0,0,42
"Locus Robotics",0,100,1000,453000000,350,2014,12,2,1,6,10,29,1294,2,0,3,1,1,3,114,50,33,0,1,44,1,,61,[object Object],[object Object],[object Object],5,2,0,0,0,0,0,,,1,1,459319,1,0,0,43
"Lovable",0,200,6600,545000000,65,2024,2,3,4,3,33,2795,8385,3,2,3,1,1,3,78,39,184,0,2,3,0,,0,,5,529,1,1048,0,0,0,,,1,1,6490,1,0,0,77
"Lucidworks",0,50,,205000000,250,2007,19,1,0,6,,10,820,3,3,2,0,0,3,141,6,18,0,0,80,1,,3,[object Object],[object Object],[object Object],5,31,1,849,0,0,0,,,1,1,60361,1,0,0,39
"Luma AI",0,10,,70000000,60,2021,5,3,2,3,,36,1167,3,0,2,1,1,4,104,49,78,0,3,32,0,,0,,5,14,1,63,0,0,0,,,1,1,30152,1,0,0,69
"Lumen",0,50,,70000000,175,2014,12,2,2,3,,7,400,2,0,3,0,0,3,104,1,3,0,0,56,1,,32,[object Object],[object Object],[object Object],5,150,1,1274,0,448,0,,,1,1,207784,1,0,0,42
"Luminance",0,30,,104000000,225,2015,11,2,6,3,,11,462,3,1,2,0,0,3,49,0,25,0,0,44,1,,0,,5,29,1,5605,0,0,0,,,1,1,294828,1,0,0,48
"Lusha",0,100,1500,205000000,375,2016,10,1,0,4,15,12,547,3,1,2,0,0,3,141,0,16,0,0,44,0,,0,,5,8,1,33430,0,0,0,,,1,1,24831,1,0,0,44
"Mabl",0,30,,80000000,175,2017,9,1,4,4,,8,457,3,2,2,1,1,3,78,26,44,0,1,56,0,,0,,5,19,0,0,0,0,0,,,1,1,303552,1,0,0,27
"Machina Labs",0,,,72000000,90,2019,7,2,1,3,,25,800,2,0,2,0,0,2,114,1,2,0,0,32,1,,0,[object Object],[object Object],[object Object],5,3,0,0,0,0,0,,,1,0,,1,0,0,64
"Magic AI",0,,1500,465000000,65,2022,4,3,4,3,,358,7154,3,1,4,1,1,3,78,11,173,0,0,20,0,,0,,5,17,0,0,0,0,1,3.91,22,1,0,,1,0,0,71
"Main Func",0,,1250,275000000,75,2024,2,3,3,3,,458,3667,3,3,1,0,0,4,86,2,204,0,0,8,0,,0,,1,0,0,0,0,0,0,,,1,0,,1,0,0,88
"Manus AI",1,100,2000,0,120,2024,2,3,0,,20,,,0,0,0,0,0,0,141,0,0,0,0,,0,,0,,5,25,1,297,0,0,0,,,1,1,14116,0,0,0,90
"Martian",0,,150,32000000,22,2023,3,3,4,1,,73,1455,2,1,3,1,2,3,78,65,187,0,3,20,0,,0,,5,867,1,1396,0,0,0,,,1,0,,1,0,0,71
"Material Security",0,,,200000000,60,2021,5,2,7,,,,3333,0,0,3,1,2,0,28,31,0,0,1,,0,,0,,5,4,0,0,0,0,0,,,1,1,19974,0,0,0,57
"Meilisearch",0,3,,15000000,40,2018,8,2,4,2,,9,375,3,2,2,1,1,3,78,13,20,0,0,44,1,,11,[object Object],[object Object],[object Object],5,122,0,0,0,0,0,,,1,1,83846,1,0,0,39
"Melio",0,100,4000,856000000,550,2018,8,0,6,5,40,35,1556,3,1,4,1,4,3,49,103,14,0,2,44,1,,0,[object Object],[object Object],[object Object],5,5,1,56,0,0,0,,,1,1,52419,1,0,0,46
"Mem",0,5,,29000000,40,2020,6,1,0,2,,16,725,3,0,2,1,2,3,141,87,184,0,3,44,0,,0,,5,251,1,12699,0,0,0,,,1,1,205771,1,0,0,44
"Mentee Robotics",1,,900,0,85,2022,4,3,1,,,,,0,0,0,0,0,0,114,0,0,0,0,,0,,0,,5,1,0,0,0,0,0,,,1,0,,0,0,0,93
"Mercury",0,100,1600,163000000,550,2019,7,1,6,3,16,7,296,3,2,3,1,2,2,49,62,10,0,2,44,0,,0,,5,760,1,8269,0,98,1,4.88,10565,1,1,34065,1,0,0,31
"Merge Labs",0,,850,252000000,70,2025,1,3,5,1,,1800,3600,0,0,5,0,0,0,51,13,0,0,0,2,0,,0,,5,9,0,0,0,0,0,,,1,0,,1,0,0,90
"Meshy",0,1,,3000000,15,2023,3,2,2,1,,6,200,3,1,2,1,1,3,104,41,56,0,0,32,0,,0,,5,7,0,0,0,0,0,,,1,1,26747,1,0,0,51
"Metronome",1,,1000,128000000,110,2020,6,2,4,,,,1164,0,0,0,0,0,0,78,0,0,0,0,,1,,0,[object Object],[object Object],5,86,1,8178,0,10,1,4.73,53253,1,0,,0,0,0,75
"Mews",0,60,1200,185000000,550,2012,14,2,0,4,20,8,336,3,1,3,0,0,3,141,5,34,0,0,44,0,,0,,5,6,1,4961,0,0,0,,,1,1,16454,1,0,0,46
"Midjourney",0,,,0,55,2022,4,1,2,,,,,0,0,1,0,0,0,104,0,0,0,0,,1,,80,[object Object],[object Object],[object Object],5,620,1,28484,0,0,0,,,1,1,5297,1,0,0,63
"Milvus / Zilliz",0,,,113000000,250,2019,7,2,4,,,,452,0,0,3,0,0,0,78,0,0,0,0,,0,,0,,5,1,0,0,0,0,0,,,1,1,236945,1,0,0,62
"Mindtickle",0,80,1200,281000000,550,2012,14,2,0,6,15,9,511,3,1,3,1,1,3,141,36,72,0,1,56,1,,0,[object Object],[object Object],[object Object],5,1,0,0,0,0,0,,,1,1,49516,2,0,0,33
"Mistral AI",0,,13700,3050000000,75,2023,3,3,3,4,,6778,40667,0,0,7,1,4,0,86,149,0,0,4,6,1,,3318,[object Object],[object Object],[object Object],5,101,1,25958,0,11,0,,,1,1,13974,2,0,0,82
"Mixpanel",0,100,,277000000,350,2009,17,1,4,,,,791,3,0,2,1,2,3,78,72,141,0,2,,1,,9,[object Object],[object Object],[object Object],5,742,1,2848,0,0,0,,,1,1,745,1,0,1,36
"Modal",0,,,62000000,50,2021,5,2,4,,,,1240,0,0,2,0,0,0,78,7,0,0,0,,1,,1,[object Object],[object Object],[object Object],5,997,1,1824,0,33,0,,,1,1,95600,2,0,0,75
"Modella AI",1,,,0,,2022,4,,5,,,,,0,0,0,0,0,0,51,0,0,0,0,,1,,0,,5,0,0,0,0,0,0,,,1,0,,0,0,0,80
"Modern Treasury",0,50,2000,200000000,225,2018,8,2,6,5,40,28,889,3,1,3,1,3,3,49,54,16,0,0,32,1,,0,,5,10,0,0,0,0,0,,,1,1,166796,1,0,1,59
"Modl.ai",0,3,,10000000,32,2018,8,1,2,2,,7,313,2,0,2,0,0,3,104,0,115,0,0,44,0,,0,,5,1,0,0,0,0,0,,,1,0,,1,0,0,43
"Modular",0,,600,130000000,90,2022,4,2,3,2,,45,1444,3,0,3,1,2,4,86,33,201,0,2,32,1,,399,[object Object],[object Object],[object Object],5,3184,1,113,0,78,1,4.88,884,1,1,279514,1,0,0,60
"Moonvalley",0,,150,53000000,30,2023,3,2,2,2,,221,1767,3,2,2,1,2,3,104,55,54,0,1,8,0,,0,,5,3,1,51,0,0,0,,,1,0,,1,0,1,69
"Mostly AI",0,8,,31000000,80,2017,9,2,3,3,,9,388,3,2,2,0,0,3,86,1,41,0,0,44,0,,0,,5,14,0,0,0,0,0,,,1,1,704430,1,0,0,48
"Motion",0,15,,13000000,50,2019,7,2,2,2,,6,260,3,2,2,1,1,3,104,29,184,0,0,44,1,0,67,[object Object],[object Object],[object Object],5,3743,1,11094,0,992,0,,,1,1,30579,1,0,0,39
"Motional",0,,,4000000000,1100,2020,6,1,1,,,,3636,3,3,2,0,0,1,114,1,1,0,0,,1,,1055,[object Object],[object Object],[object Object],5,25,1,1206,0,0,1,5,8,1,1,412014,1,0,0,62
"Motive",0,,,550000000,2500,2013,13,2,1,,,,220,0,0,3,1,3,0,114,82,0,0,2,,0,,0,,5,167,1,375,0,0,0,,,1,1,29029,0,0,0,38
"Movable Ink",0,150,2000,300000000,550,2010,16,1,0,5,13.3,12,545,3,0,2,0,0,3,141,7,112,0,0,44,1,,1,[object Object],[object Object],[object Object],5,5,0,0,0,0,0,,,1,1,142255,1,0,0,40
"Move.ai",0,5,,20000000,60,2019,7,1,2,2,,10,333,3,1,2,0,0,4,104,4,78,0,0,32,0,,0,,5,3,0,0,0,0,0,,,1,1,890580,1,0,0,52
"Moveworks",1,,2850,315000000,600,2016,10,2,0,,,,525,0,0,4,1,2,0,141,70,0,0,1,,1,,11,[object Object],[object Object],[object Object],5,5,1,2047,0,0,0,,,1,1,23078,2,0,0,46
"mParticle",0,80,1500,288000000,450,2013,13,1,3,6,18.8,15,640,3,1,3,1,1,3,86,39,109,0,1,44,1,,24,[object Object],[object Object],[object Object],5,21,0,0,0,0,0,,,1,1,1916,1,0,0,32
"MultiOn",0,,,3000000,10,2023,3,3,3,1,,9,300,3,2,2,1,1,3,86,38,178,0,2,32,0,,0,,5,8,0,0,0,0,0,,,1,0,,1,0,0,56
"Murf.ai",0,10,,10000000,60,2020,6,2,2,2,,4,167,3,1,2,1,1,2,104,41,13,0,0,44,0,,0,,5,2,0,0,0,0,0,,,1,1,35420,1,0,0,38
"Mutiny",0,20,,72000000,115,2018,8,1,0,3,,14,626,3,0,3,1,3,3,141,118,110,0,3,44,1,,6,[object Object],[object Object],[object Object],5,106,1,10280,0,0,0,,,1,1,414294,1,0,0,42
"Nabla",0,15,,44000000,70,2018,8,2,5,3,,20,629,3,2,2,0,0,3,51,1,109,0,0,32,1,,62,[object Object],[object Object],[object Object],5,37,1,335,0,0,0,,,1,1,141454,2,0,0,61
"Nanonets",0,15,,29000000,90,2016,10,2,0,3,,7,322,3,2,2,1,2,3,141,70,16,0,0,44,1,,3276,[object Object],[object Object],[object Object],5,106,0,0,0,0,0,,,1,1,45439,2,0,1,40
"Navan",0,500,9200,943000000,3200,2015,11,2,0,,18.4,15,295,3,0,3,1,3,3,141,55,74,0,2,20,0,,0,,5,8,1,6487,0,0,1,4.82,29797,1,1,19172,1,0,0,49
"Neon",0,15,1000,104000000,95,2021,5,3,4,3,66.7,34,1095,3,2,3,1,2,3,78,87,122,0,4,32,1,,0,,5,726,1,28482,0,4,1,3.73,5210,1,1,10475,2,0,0,70
"Neptune.ai",0,8,,12000000,60,2017,9,1,3,2,,5,200,3,2,2,0,0,3,86,0,23,0,0,44,0,,0,,5,67,0,0,0,0,0,,,1,1,155127,1,0,0,39
"Netlify",0,70,2000,212000000,450,2014,12,1,4,5,28.6,8,471,3,1,3,1,1,3,78,58,89,0,4,56,1,,5,[object Object],[object Object],[object Object],5,2342,1,6574,0,0,0,,,1,1,5103,1,0,0,32
"Neuralink",0,,5000,680000000,450,2016,10,3,5,5,,47,1511,3,0,3,1,1,1,51,14,1,0,0,32,1,,497,[object Object],[object Object],[object Object],5,665,1,40925,0,0,0,,,1,1,48696,1,0,0,56
"New Relic",0,900,6500,0,2900,2008,18,1,4,,7.2,,,3,1,2,0,0,1,78,7,2,5,0,20,1,,2,[object Object],[object Object],[object Object],5,423,1,156648,0,0,0,,,1,1,641,1,0,0,44
"NightCafe",0,10,,1000000,15,2019,7,2,2,,,,67,3,1,1,0,0,2,104,2,9,0,0,,0,,0,,5,11,0,0,0,0,1,1,3,1,1,20117,1,0,0,51
"Noom",0,500,3700,650000000,3500,2008,18,1,2,6,7.4,3,186,3,0,3,1,1,3,104,57,25,0,2,56,1,,0,[object Object],[object Object],[object Object],5,37,1,3406,0,77,0,,,1,1,27059,1,0,0,19
"Nori",0,5,,18000000,35,2017,9,1,1,2,,12,514,3,0,3,0,0,3,114,1,8,0,0,44,0,,0,,5,15,1,12361,0,0,0,,,1,0,,1,0,0,44
"Nosto",0,30,,29000000,175,2011,15,2,0,3,,2,166,3,2,3,0,0,2,141,1,2,0,0,92,1,,7,[object Object],[object Object],[object Object],5,2,1,1524,0,0,0,,,1,1,10802,1,0,0,35
"NotCo",0,100,1500,350000000,350,2015,11,1,1,5,15,18,1000,2,0,3,1,1,3,114,44,4,0,1,56,0,,0,,5,9,0,0,0,0,0,,,1,1,627649,1,0,0,32
"Notion AI",0,,,343000000,450,2016,10,2,0,,,,762,0,0,3,1,3,0,141,59,0,0,0,,1,,0,,5,34,1,20617,0,0,0,,,1,1,1072,1,0,0,53
"Numerade",0,10,,17000000,60,2019,7,1,2,2,,5,283,3,0,2,0,0,3,104,0,7,0,0,56,1,,0,[object Object],[object Object],[object Object],5,0,0,0,0,0,0,,,1,1,54761,1,0,0,36
"Nuro",0,,8600,2100000000,1300,2016,10,2,1,5,,29,1615,3,0,3,1,1,3,114,50,26,0,1,56,0,,0,,5,64,1,2797,0,0,0,,,1,1,390814,1,0,0,44
"o9 Solutions",0,200,3700,470000000,2250,2014,12,2,1,5,18.5,5,209,3,1,3,1,1,3,114,49,145,0,1,44,0,,0,,5,0,0,0,0,0,0,,,1,1,162673,1,0,0,35
"Observe Inc",1,,1000,0,,2017,9,,0,,,,,0,0,0,0,0,0,141,0,0,0,0,,1,,4,[object Object],[object Object],[object Object],5,0,0,0,0,0,0,,,1,0,,0,0,0,80
"Observe Technologies",0,2,,4000000,32,2018,8,2,1,2,,3,125,2,2,1,0,0,3,114,0,3,0,0,44,0,,0,,5,0,0,0,0,0,0,,,1,0,,1,0,0,49
"Ocean Infinity",0,100,,150000000,350,2017,9,1,1,,,,429,3,1,1,0,0,3,114,1,4,0,0,,0,,0,,5,8,1,6625,0,0,0,,,1,0,,1,0,0,48
"OctoML",0,20,,132000000,125,2019,7,1,3,4,,24,1056,3,1,3,1,1,3,86,13,129,0,1,44,1,,3,[object Object],[object Object],[object Object],5,12,1,86,0,0,0,,,1,0,,2,0,0,38
"Olive AI",0,,4000,902000000,150,2012,14,0,5,,,188,6013,2,1,2,0,0,2,51,1,2,0,0,32,0,,0,,5,3,0,0,0,0,0,,,1,1,708800,1,0,0,51
"Omada Health",0,200,1000,500000000,900,2011,15,2,5,6,5,13,556,3,1,2,1,2,3,51,69,6,0,4,44,1,,1,[object Object],[object Object],[object Object],5,8,0,0,0,0,0,,,1,1,107455,1,0,0,36
"One Concern",0,20,,137000000,115,2015,11,1,1,4,,21,1191,3,2,3,1,1,3,114,48,10,0,2,56,1,,1,[object Object],[object Object],[object Object],5,23,1,503,0,0,0,,,1,0,,1,0,0,36
"Onit",0,100,,200000000,450,2010,16,2,6,,,,444,3,0,1,0,0,1,49,0,1,0,0,,0,,0,,5,7,0,0,0,0,0,,,1,1,152245,1,0,0,48
"OPAQUE Systems",0,,150,32000000,50,2020,6,3,7,2,,20,640,2,0,3,1,1,4,28,7,127,0,0,32,1,,0,[object Object],5,1,0,0,0,0,0,,,1,0,,1,0,0,58
"OpenAI",0,,500000,17900000000,7246,2015,11,3,3,6,,494,2470,0,0,4,1,4,0,86,58,0,6,3,5,1,,14462,[object Object],[object Object],[object Object],5,14629,1,210384,0,858,0,,,1,1,256,4,0,0,71
"OpenClaw",1,,,0,,2025,1,,2,,,,,0,0,0,0,0,0,104,0,0,0,0,,1,,1370,[object Object],[object Object],[object Object],5,791,1,26750,0,0,0,,,1,1,51268,1,0,0,96
"OpenEvidence",0,,12000,700000000,125,2022,4,1,5,5,,2800,5600,2,1,2,0,0,4,51,6,16,0,0,2,1,,3,[object Object],[object Object],[object Object],5,9,1,5791,0,0,1,4.93,7215,1,1,42158,1,0,0,73
"OpenOcean (Greensea)",0,15,,20000000,,2006,20,,1,2,,,,2,1,2,0,0,3,114,1,12,0,0,32,0,,0,,0,0,0,0,0,0,0,,,1,0,,1,0,0,55
"OpenSpace",0,50,1100,162000000,225,2017,9,2,1,6,22,16,720,3,0,3,1,2,3,114,61,40,0,3,44,1,,7,[object Object],[object Object],[object Object],5,19,0,0,0,0,0,,,1,1,221306,1,0,0,48
"Opus Clip",0,20,,50000000,40,2022,4,3,2,2,,63,1250,3,2,2,1,1,3,104,47,15,0,3,20,1,,0,,5,1,1,10368,0,0,0,,,1,1,24215,1,0,0,71
"Orbital Insight",0,30,,128000000,125,2013,13,1,1,5,,13,1024,3,1,3,1,3,2,114,79,5,0,3,80,1,,5,[object Object],[object Object],5,5,1,799,0,0,0,,,1,0,,1,0,0,33
"Orby AI",0,,300,60000000,65,2022,4,2,0,3,,46,923,2,2,2,0,0,3,141,4,135,0,0,20,0,,0,,5,0,0,0,0,0,0,,,1,0,,1,0,0,74
"Orca AI",0,8,,33000000,70,2018,8,2,1,3,,24,471,2,1,2,0,0,3,114,0,4,0,0,20,0,,0,,5,2,0,0,0,0,0,,,1,1,935623,1,0,0,66
"Orca Security",0,100,1800,732000000,550,2019,7,2,7,4,18,30,1331,3,2,4,1,2,3,28,17,16,0,1,44,1,,0,[object Object],[object Object],[object Object],5,5,1,571,0,0,0,,,1,1,262409,1,0,0,44
"Osmos",1,,,0,,2019,7,,0,,,,,0,0,0,0,0,0,141,0,0,0,0,,0,,0,,5,17,1,742,0,0,0,,,1,0,,0,0,0,84
"Otter.ai",0,50,500,113000000,175,2016,10,2,0,5,10,20,646,3,1,3,0,0,4,141,3,123,0,0,32,0,,0,,5,26,1,4339,0,0,1,4.73,48918,1,1,11640,1,0,0,59
"Oura",0,200,2550,148000000,450,2013,13,2,2,4,12.8,7,329,3,1,3,0,0,3,104,1,89,1,0,44,0,,0,,5,89,1,307,0,0,0,,,1,1,5028,1,0,0,42
"Outreach",0,200,4400,489000000,1300,2014,12,1,0,6,22,7,376,3,2,4,1,2,3,141,26,183,2,3,56,0,,0,,5,952,1,2474,0,168,0,,,1,1,11794,1,0,0,29
"Owkin",0,40,1000,300000000,350,2016,10,2,5,4,25,43,857,3,2,3,1,1,3,51,29,16,0,3,20,1,,19,[object Object],[object Object],[object Object],5,4,1,1600,0,0,0,,,1,1,419969,2,0,0,56
"OYO",0,600,9000,4500000000,5000,2013,13,1,2,,15,,900,3,0,3,1,3,2,104,105,2,0,3,,0,,0,,5,58,1,53,0,0,0,,,1,1,24788,1,0,0,40
"Pachama",0,,,79000000,90,2018,8,2,1,,,,878,0,0,3,0,0,0,114,3,0,0,0,,1,,2,[object Object],[object Object],[object Object],5,6,1,79,0,0,0,,,1,1,641006,1,0,0,68
"Paige AI",0,20,,220000000,,2017,9,,5,4,,,,3,1,2,0,0,3,51,12,13,0,0,44,1,,0,,5,5,0,0,0,0,0,,,1,1,492312,1,0,0,49
"Palantir",0,,,2800000000,3500,2003,23,2,0,,,,800,0,0,3,1,2,0,141,57,0,6,1,,1,,27,[object Object],[object Object],[object Object],5,1243,1,4648,0,0,1,3.63,78,1,1,29830,3,0,0,45
"Palo Alto Networks",0,,,60000000,,2005,21,,7,,,,,0,0,2,1,1,0,28,15,0,6,0,,1,,3,[object Object],[object Object],[object Object],5,103,1,16883,0,210,1,4.39,2537,1,1,498,2,0,0,10
"Paradox",0,80,1500,200000000,550,2016,10,2,0,4,18.8,8,364,3,2,2,0,0,3,141,0,26,0,0,44,0,,0,,5,3215,1,19161,0,25,0,,,1,1,16094,1,0,0,50
"Path Robotics",0,30,1000,171000000,,2018,8,,1,4,33.3,,,2,1,3,1,2,3,114,45,5,0,2,56,0,,0,,5,0,0,0,0,0,0,,,1,0,,1,2,0,39
"PathAI",0,,,255000000,350,2016,10,2,5,,,,729,0,0,3,1,2,0,51,86,0,0,3,,0,,0,,5,1,1,73,0,135,0,,,1,1,428961,1,0,0,51
"Patronus AI",0,,80,17000000,,2023,3,,4,2,,,,2,2,3,1,1,3,78,34,178,0,1,20,0,,0,,5,2,0,0,0,0,0,,,1,0,,1,0,0,57
"Peek",0,50,,116000000,225,2012,14,1,2,4,,12,516,3,0,3,0,0,3,104,12,7,0,0,44,1,,359,[object Object],[object Object],[object Object],5,1304,1,277,0,0,0,,,1,1,33505,1,0,0,40
"People.ai",0,50,1100,200000000,,2016,10,,0,5,22,,,3,3,3,1,3,3,141,68,136,0,3,56,1,,0,,5,13,0,0,0,0,0,,,1,1,214457,1,0,0,36
"Perplexity",0,200,20000,1500000000,70,2022,4,3,2,5,100,3571,21429,0,0,5,1,2,0,104,80,0,0,3,6,1,,9,[object Object],[object Object],5,959,1,22613,0,0,0,,,1,1,1411,1,0,0,83
"Persado",0,30,,66000000,175,2012,14,1,0,4,,7,377,3,2,3,0,0,3,141,22,139,0,0,56,1,,0,[object Object],[object Object],[object Object],5,5,0,0,0,0,0,,,1,1,69640,1,0,0,34
"Persona",0,50,1500,217000000,325,2018,8,2,6,4,30,15,668,3,2,3,1,2,3,49,48,8,0,0,44,0,,0,,5,606,1,10344,0,2742,0,,,1,1,10771,1,0,0,47
"Phenom",0,100,1700,161000000,1650,2010,16,2,0,5,17,2,98,3,1,2,0,0,3,141,1,50,0,0,56,0,,0,,5,45,1,215,0,0,0,,,1,1,133697,1,0,0,38
"Photoroom",0,50,500,60000000,90,2019,7,2,2,3,10,21,667,3,1,3,1,2,3,104,47,62,0,0,32,1,,216,[object Object],[object Object],[object Object],5,30,0,0,0,0,0,,,1,1,8980,1,0,1,52
"Phrasee",0,10,,19000000,70,2015,11,1,0,3,,5,271,3,2,2,0,0,3,141,0,119,0,0,56,1,,0,,5,0,0,0,0,0,0,,,1,1,281549,1,0,0,34
"Physical Intelligence",0,,5600,1070000000,,2024,2,,1,3,,,,3,3,6,1,2,3,114,32,77,0,1,4,0,,0,,5,15,1,37,0,0,0,,,1,1,911326,1,0,0,67
"Pictory",0,10,,10000000,60,2019,7,2,2,2,,4,167,3,2,1,0,0,3,104,0,26,0,0,44,0,,0,,5,5,0,0,0,0,0,,,1,1,31520,1,0,0,49
"Pika",0,,,135000000,25,2023,3,3,2,,,,5400,0,0,3,1,1,0,104,11,0,0,0,,1,,3863,[object Object],[object Object],5,58,1,22656,0,0,0,,,1,1,36865,2,0,0,73
"Pilot",0,50,1200,160000000,450,2017,9,2,6,4,24,8,356,3,1,3,1,1,2,49,50,8,0,2,44,0,,0,,5,3089,1,7319,0,735,0,,,1,1,224097,2,0,0,40
"Pinecone",0,,,138000000,175,2019,7,2,4,,,,789,0,0,3,1,1,0,78,41,0,0,3,,1,,60,[object Object],[object Object],[object Object],5,610,1,235,0,0,0,,,1,1,46026,2,0,0,52
"Pivot Bio",0,50,2000,618000000,450,2011,15,1,1,5,40,25,1373,3,0,3,0,0,3,114,6,13,0,0,56,1,,0,[object Object],[object Object],[object Object],5,3,0,0,0,53,0,,,1,0,,1,0,0,47
"Pixxel",0,10,,71000000,125,2019,7,2,1,3,,18,568,3,0,3,1,1,3,114,15,75,0,1,32,0,,0,,5,26,1,1592,0,0,0,,,1,0,,1,0,0,50
"Plaid",0,300,13400,734000000,1100,2013,13,1,6,5,44.7,12,667,3,0,4,1,1,2,49,25,2,3,1,56,1,,52,[object Object],[object Object],[object Object],5,456,1,1850,0,0,0,,,1,1,11169,2,0,0,30
"PlanetScale",0,30,1200,105000000,175,2018,8,0,4,4,40,14,600,3,2,3,1,2,3,78,68,50,0,5,44,1,,322,[object Object],[object Object],[object Object],5,318,1,44393,0,0,0,,,1,1,172537,1,0,0,43
"Plenty",0,40,2000,941000000,600,2014,12,1,1,6,50,36,1568,3,0,3,1,1,3,114,34,5,0,1,44,0,,0,,5,2143,1,233,0,302,0,,,1,1,429386,1,0,0,43
"Plus",0,,1000,420000000,450,2016,10,2,1,4,,21,933,3,0,3,0,0,2,114,2,4,0,0,44,0,,0,,5,11640,1,1407,0,557,0,,,1,1,960778,1,0,0,54
"Podcastle",0,5,,13500000,60,2019,7,2,2,2,,5,225,3,1,2,0,0,3,104,2,33,0,0,44,1,,0,[object Object],5,13,1,269,0,0,0,,,1,1,108439,1,0,0,48
"Poe",0,,,0,40,2022,4,2,2,,,,,0,0,1,0,0,0,104,0,0,0,0,,0,,0,,5,280,1,141819,0,0,0,,,1,1,13007,1,0,0,80
"Pony.ai",0,,,1100000000,500,2016,10,2,1,,,,2200,0,0,3,0,0,0,114,1,0,0,0,,1,,0,[object Object],[object Object],[object Object],5,21,1,2784,0,0,0,,,1,1,326192,2,0,0,70
"Poolside",0,,12000,1600000000,40,2023,3,3,4,4,,10000,40000,3,1,3,1,1,3,78,28,180,0,0,4,1,,0,,5,40,1,97,0,0,0,,,1,0,,1,0,0,79
"Postman",0,150,5600,433000000,900,2014,12,2,4,5,37.3,9,481,3,0,3,1,1,3,78,37,201,0,0,56,0,,0,,5,614,1,413,0,0,0,,,1,1,2750,1,0,0,38
"Prisma Labs",0,30,,15000000,60,2016,10,1,2,2,,2,250,3,0,2,0,0,3,104,0,54,0,0,104,1,,0,,5,3,1,408,0,0,0,,,1,1,166836,1,0,0,33
"Privateer",0,10,,56000000,60,2021,5,3,1,2,,29,933,2,1,2,0,0,3,114,3,32,0,0,32,0,,0,,5,20,1,18462,0,0,0,,,1,0,,1,0,0,74
"Project44",0,100,2700,661000000,1100,2014,12,2,1,6,27,14,601,3,2,3,0,0,3,114,20,136,0,0,44,1,,23,[object Object],[object Object],[object Object],5,5,1,144,0,0,0,,,1,1,112578,1,0,0,53
"Q.ai",1,,2000,24500000,,2022,4,,2,,,,,0,0,3,1,3,0,104,53,0,0,2,,0,,0,,5,7,0,0,0,0,0,,,1,0,,0,0,0,51
"Qdrant",0,,,12000000,50,2021,5,3,4,,,,240,0,0,2,0,0,0,78,1,0,0,0,,1,,66,[object Object],[object Object],[object Object],5,185,1,34,0,0,0,,,1,1,145723,1,0,0,65
"Qraft Technologies",0,,500,246000000,125,2016,10,2,6,4,,246,1968,3,0,2,1,1,3,49,32,12,0,1,8,0,,0,,5,0,0,0,0,0,0,,,1,0,,1,0,0,60
"Qualified",1,50,,0,225,2018,8,2,0,,,,,3,2,3,1,2,1,141,14,70,0,0,,1,,272,[object Object],[object Object],[object Object],5,844,1,200,0,0,0,,,1,1,11062,1,0,0,48
"Quizlet",0,100,,62000000,350,2005,21,1,2,4,,3,177,3,0,3,0,0,3,104,9,7,0,0,68,1,,110,[object Object],[object Object],[object Object],5,63,1,9528,0,0,0,,,1,1,978,1,0,0,27
"Rad AI",0,,300,70000000,100,2018,8,3,5,3,,35,700,3,1,2,0,0,4,51,1,13,0,0,20,0,,0,,5,0,0,0,0,0,0,,,1,1,228472,1,0,0,73
"Railway",0,15,,45000000,45,2020,6,2,4,2,,31,1000,3,2,2,1,1,2,78,43,15,0,0,32,1,,0,,5,891,1,2897,0,4691,0,,,1,1,6800,1,0,0,56
"Rain AI",0,,,40000000,60,2017,9,3,3,2,,10,667,3,0,2,0,0,3,86,2,93,0,0,68,0,,0,,5,1,1,300,0,0,0,,,1,0,,1,0,0,53
"Ramp",0,300,8100,970000000,800,2019,7,2,6,5,27,38,1213,3,2,4,1,1,3,49,26,8,0,0,32,0,,0,,5,665,1,412,0,0,0,,,1,1,17058,1,0,0,58
"Read AI",0,15,,50000000,90,2021,5,2,0,3,,28,556,3,2,2,0,0,3,141,0,120,0,0,20,1,,0,[object Object],[object Object],[object Object],5,15,0,0,0,0,1,4.86,464,1,1,16832,1,0,0,73
"Ready Player Me",0,10,200,56000000,90,2014,12,1,2,3,20,19,622,3,0,3,1,1,3,104,47,16,0,3,32,1,,31,[object Object],[object Object],[object Object],5,4,1,243,0,0,0,,,1,1,113108,1,0,0,44
"Rebellion Defense",0,,,200000000,,2019,7,,7,,,,,0,0,3,1,2,0,28,45,0,0,0,,1,,0,,5,4,0,0,0,0,0,,,1,0,,0,0,0,33
"Reclaim.ai",0,15,,28000000,60,2019,7,1,0,2,,15,467,3,2,2,1,1,3,141,23,174,0,0,32,0,,0,,5,12,0,0,0,0,0,,,1,1,41652,1,0,0,42
"Recorded Future",1,250,,320000000,950,2009,17,2,7,,,17,337,3,0,1,0,0,1,28,0,1,0,0,20,1,0,13,[object Object],[object Object],[object Object],5,25,1,3056,0,13,0,,,1,1,31134,1,0,0,51
"Recursion",0,50,,740000000,550,2013,13,2,5,,,,1345,3,2,2,0,0,3,51,0,21,0,0,,0,,0,,5,865,1,14376,0,101,0,,,1,1,419702,1,0,0,65
"Reflection AI",0,,8000,2000000000,70,2024,2,3,3,3,,3571,28571,3,1,6,1,2,2,86,63,3,0,3,8,1,,0,[object Object],[object Object],[object Object],5,6,0,0,0,0,0,,,1,0,,1,0,0,78
"Regie.ai",0,,,21000000,60,2020,6,1,0,,,,350,0,0,3,0,0,0,141,3,0,0,0,,0,,0,,5,0,0,0,0,0,0,,,1,1,198720,1,0,0,48
"Reka",0,,,58000000,25,2022,4,3,3,2,,116,2320,3,2,3,0,0,3,86,7,174,0,0,20,0,,0,,5,18,1,265,0,0,0,,,1,1,284184,1,0,0,81
"Relativity",0,400,3600,0,1900,2001,25,1,6,,9,,,3,0,2,1,1,1,49,17,1,0,0,68,0,,0,,5,777,1,876,0,0,0,,,1,1,125400,1,0,0,11
"Relevance AI",0,5,,18000000,50,2020,6,3,0,2,,11,360,2,1,2,1,1,3,141,31,84,0,0,32,1,,19,[object Object],[object Object],[object Object],5,4,0,0,0,0,0,,,1,1,190804,1,0,0,58
"Remote",0,200,3000,496000000,1650,2019,7,1,6,4,15,7,301,3,2,4,1,3,3,49,107,44,0,3,44,1,,0,,5,18370,1,606,0,13350,1,4.6,72354,1,1,30702,1,0,0,33
"Render",0,25,500,80000000,115,2018,8,2,4,3,20,16,696,4,2,3,1,2,3,78,49,90,0,2,44,0,,0,,5,2090,1,994,0,0,1,3.17,6,1,1,18555,1,0,0,46
"Reonomy",0,30,,128000000,175,2013,13,1,1,6,,13,731,3,1,3,1,1,3,114,34,11,0,1,56,1,,0,,5,3,0,0,0,0,0,,,1,1,286254,1,0,0,29
"Replicate",0,,,62000000,65,2019,7,2,3,,,,954,0,0,3,1,3,0,86,86,0,0,2,,1,,67,[object Object],[object Object],[object Object],5,1044,1,236,0,0,0,,,1,1,26880,2,0,1,57
"Replika",0,50,,11000000,60,2017,9,1,2,2,,3,183,3,1,2,1,2,3,104,55,4,0,1,68,0,,0,,5,67,1,7533,0,0,0,,,1,1,83989,1,0,1,23
"Replit",0,,,222000000,125,2016,10,2,4,,,,1776,0,0,4,1,3,0,78,98,0,2,2,,1,,31,[object Object],[object Object],[object Object],5,715,1,13856,0,0,0,,,1,1,5338,1,0,1,57
"Resemble AI",0,5,,13000000,35,2019,7,2,2,2,,8,371,3,1,2,1,1,2,104,41,13,0,0,44,0,,0,,5,14,0,0,0,0,0,,,1,1,99366,1,0,0,40
"Respeecher",0,10,,15000000,60,2018,8,1,2,2,,6,250,3,3,2,0,0,2,104,0,4,0,0,44,1,,19,[object Object],[object Object],[object Object],5,30,1,1073,0,0,0,,,1,1,311134,1,0,0,40
"Retool",0,100,3200,445000000,450,2017,9,2,4,5,32,22,989,3,1,3,1,3,3,78,109,201,0,4,44,1,,0,[object Object],[object Object],[object Object],5,311,1,72,0,0,1,3.52,23,1,1,21606,1,0,0,54
"Rev.com",0,100,,90000000,250,2010,16,1,4,3,,5,360,3,3,2,0,0,2,78,0,3,0,0,80,0,,0,,5,4,1,58,0,0,0,,,1,1,15893,1,0,0,29
"Ricursive Intelligence",0,,4000,335000000,,2025,1,,3,2,,,,0,0,6,1,4,0,86,128,0,0,2,2,0,,0,,5,1,0,0,0,0,0,,,1,0,,1,0,0,71
"RightHand Robotics",0,15,,66000000,90,2014,12,2,1,4,,13,733,3,3,3,1,1,3,114,28,26,0,2,56,1,,24,[object Object],[object Object],[object Object],5,3,0,0,0,0,0,,,1,0,,1,0,0,38
"Riiid",0,50,,250000000,250,2014,12,1,2,5,,18,1000,3,0,2,0,0,3,104,3,3,0,0,56,1,,0,[object Object],[object Object],[object Object],5,8,0,0,0,0,0,,,1,0,,1,0,0,41
"Rippling",0,350,13500,1200000000,2750,2016,10,3,0,6,38.6,14,436,3,1,3,1,3,3,141,105,84,0,3,32,1,,138,[object Object],[object Object],[object Object],5,122,1,346,0,0,0,,,1,1,14255,1,0,0,60
"Riverside.fm",0,15,,47000000,125,2020,6,2,2,3,,9,376,3,1,2,1,1,3,104,31,40,0,0,44,1,,0,[object Object],[object Object],[object Object],5,5,1,948,0,0,0,,,1,1,34246,1,0,0,42
"Ro",0,500,5000,876000000,900,2017,9,2,5,5,10,17,973,3,0,3,1,1,4,51,39,31,0,2,56,0,,0,,5,1047,1,4003,0,0,0,,,1,1,18611,1,0,0,40
"RobCo",0,,,160000000,,2020,6,,1,4,,,,0,0,4,1,2,0,114,73,0,0,2,2,0,,0,,5,0,0,0,0,0,0,,,1,0,,1,0,0,65
"Robin AI",0,10,,33000000,90,2019,7,2,6,3,,11,367,3,3,3,0,0,3,49,3,43,0,0,32,0,,0,,5,4,0,0,0,0,0,,,1,0,,1,0,0,56
"Rokoko",0,15,,35000000,125,2014,12,2,2,3,,6,280,3,1,2,0,0,4,104,1,63,0,0,44,1,,28,[object Object],[object Object],[object Object],5,2,1,46,0,0,0,,,1,1,312660,1,0,0,45
"Rossum",0,20,,104000000,175,2017,9,1,0,3,,14,594,3,3,3,1,1,3,141,39,33,0,2,44,0,,0,,5,207,1,74,0,0,1,0,0,1,1,189267,1,0,0,37
"Rows",0,8,,40000000,60,2016,10,1,0,3,,15,667,3,1,3,1,1,3,141,30,184,0,0,44,1,,336,[object Object],[object Object],[object Object],5,840,0,0,0,0,0,,,1,1,184452,1,0,0,36
"RudderStack",0,20,,82000000,125,2019,7,2,3,3,,15,656,3,1,3,1,2,3,86,60,34,0,2,44,0,,0,,5,114,0,0,0,0,0,,,1,1,2604,1,0,0,46
"Running Tide",0,15,,54000000,125,2017,9,2,1,3,,10,432,2,0,2,0,0,2,114,3,2,0,0,44,0,,0,,5,4,1,3012,0,0,0,,,1,0,,1,0,0,49
"Runway",0,,5300,1170000000,125,2018,8,3,2,6,,9360,9360,0,0,5,1,2,0,104,82,0,0,3,1,1,,153,[object Object],[object Object],[object Object],5,795,1,13616,0,1,0,,,1,1,11502,2,0,0,79
"Safe Superintelligence",0,,32000,3000000000,15,2024,2,3,3,3,,25000,200000,2,2,6,1,3,3,86,131,194,0,3,8,1,,0,,5,19,1,8670,0,0,1,4.23,757,1,1,961170,1,0,0,80
"Saga",0,1,,2000000,12,2020,6,2,0,1,,3,167,3,1,1,1,1,2,141,41,24,0,0,56,0,,0,,5,996,1,14820,0,23768,0,,,1,0,,1,0,0,34
"Saildrone",0,50,,190000000,250,2012,14,2,1,4,,14,760,2,1,2,1,1,3,114,13,74,0,0,56,1,,1,[object Object],[object Object],[object Object],5,11,1,82,0,0,0,,,1,1,449613,1,0,0,35
"Sakana AI",0,,2650,379000000,65,2023,3,3,3,3,,1458,5831,2,1,6,1,2,4,86,46,75,0,2,4,1,,571,[object Object],[object Object],[object Object],5,10,1,2931,0,0,0,,,1,1,349827,1,0,0,78
"Salesloft",0,150,,245000000,900,2011,15,1,0,6,,5,272,3,2,3,1,1,3,141,32,202,1,0,56,1,,1,[object Object],[object Object],[object Object],5,38,1,1618,0,0,0,,,1,1,10388,1,0,0,21
"SambaNova",0,100,5100,1100000000,750,2017,9,2,3,5,51,26,1467,3,2,3,1,2,3,86,56,18,0,3,56,1,,70,[object Object],[object Object],[object Object],5,44,1,366,0,0,0,,,1,1,306183,2,0,0,50
"Samsara",0,,,930000000,2500,2015,11,2,1,,,,372,0,0,3,1,3,0,114,110,0,0,5,,1,,164,[object Object],[object Object],[object Object],5,47,1,7304,0,0,0,,,1,1,5602,1,0,0,48
"Sana Labs",1,20,1100,140000000,125,2016,10,2,0,3,55,25,1120,3,0,3,0,0,3,141,23,56,0,0,44,1,,246,[object Object],[object Object],[object Object],5,1,0,0,0,0,1,4.6,10,1,1,119604,1,0,0,62
"Sanctuary AI",0,,,140000000,125,2018,8,2,1,3,,35,1120,4,1,2,0,0,3,114,0,93,0,0,32,1,,0,,5,8,1,8198,0,0,0,,,1,0,,1,0,0,70
"Sarvam AI",0,5,,41000000,60,2023,3,3,3,1,,34,683,2,2,2,0,0,3,86,1,4,0,0,20,1,,3,[object Object],[object Object],[object Object],5,3,1,2409,0,0,0,,,1,1,131069,1,0,0,75
"Saviynt",0,,3000,700000000,900,2015,11,1,7,3,,97,778,3,1,2,0,0,3,28,0,113,0,0,8,1,,6,[object Object],[object Object],5,0,0,0,0,0,0,,,1,1,342544,1,0,0,59
"Scale AI",0,,13800,15900000000,6139,2016,10,2,1,6,,288,2590,0,0,5,1,4,0,114,103,0,2,2,9,1,0,390,[object Object],[object Object],[object Object],5,201,1,27387,0,0,0,,,1,1,51954,2,0,0,66
"Scenario",0,3,,6000000,25,2022,4,2,2,1,,8,240,3,1,2,0,0,3,104,0,24,0,0,32,0,,0,,5,2058,1,2224,0,66,0,,,1,1,184470,1,0,0,61
"Sea Machines",0,10,,50000000,90,2015,11,1,1,3,,13,556,2,1,2,0,0,3,114,4,5,0,0,44,0,,0,,5,2,1,292,0,0,0,,,1,0,,1,0,0,44
"Secureframe",0,,,79000000,120,2020,6,2,7,,,,658,0,0,3,1,1,0,28,23,0,0,2,,1,,5,[object Object],[object Object],[object Object],5,6,0,0,0,0,0,,,1,1,61964,0,0,0,46
"Securiti",0,50,1000,231000000,450,2019,7,2,7,4,20,12,513,3,2,3,1,2,3,28,51,176,0,2,44,0,,0,,5,4,0,0,0,0,0,,,1,1,11361,1,0,0,42
"Seekout",0,40,1200,189000000,275,2017,9,1,0,4,30,16,687,3,0,3,1,1,3,141,47,126,0,1,44,1,,0,[object Object],5,0,0,0,0,0,1,0,0,1,1,448803,1,0,0,41
"Seismic",0,200,3000,460000000,1600,2010,16,1,0,,15,5,288,3,1,3,0,0,3,141,1,208,1,1,56,1,,0,,5,278,1,565,0,124,0,,,1,1,19170,1,0,0,31
"SenseTime",0,,14000,4100000000,5000,2014,12,0,1,8,,15,820,3,0,5,1,2,2,114,81,2,0,2,56,1,,0,[object Object],5,32,1,2281,0,33,0,,,1,1,57632,1,0,0,30
"Sensible",0,5,,12000000,25,2019,7,2,0,2,,15,480,3,1,3,1,2,3,141,53,8,0,0,32,1,,0,,5,497,1,147,0,19,0,,,1,0,,1,0,0,54
"Sentera",0,15,,45000000,90,2014,12,1,1,3,,9,500,3,2,2,0,0,3,114,0,19,0,0,56,0,,0,,5,0,0,0,0,0,0,,,1,1,99847,1,0,0,36
"SentinelOne",0,,,697000000,1800,2013,13,2,7,,,,387,0,0,3,1,2,0,28,74,0,0,1,,1,,0,,5,110,1,7022,0,0,0,,,1,1,23789,2,0,0,34
"Sentry",0,100,3000,217000000,550,2012,14,2,4,6,30,9,395,3,2,3,1,1,3,78,48,27,1,1,44,0,,0,,5,653,1,750,0,0,0,,,1,1,102,1,0,0,38
"Sesame",0,,1000,250000000,75,2022,4,2,2,3,,417,3333,3,2,3,1,2,4,104,60,119,0,4,8,0,,0,,5,249,1,26828,0,613,0,,,1,1,270451,1,0,0,73
"Shield AI",0,100,2700,573000000,550,2015,11,3,1,6,27,33,1042,3,3,2,1,1,3,114,31,16,0,2,32,0,,0,,5,23,1,7234,0,0,0,,,1,1,245784,1,0,0,60
"Shift Technology",0,70,1000,320000000,550,2014,12,1,6,5,14.3,10,582,2,0,2,1,2,3,49,67,9,0,2,56,1,,5,[object Object],5,1,1,399,0,0,0,,,1,1,312049,1,0,0,27
"Sierra",0,,1000,685000000,65,2023,3,2,0,2,,527,10538,3,1,3,1,3,3,141,67,242,0,2,20,0,,0,,5,830,1,1943,0,2776,1,2.19,647,1,1,338940,1,0,0,69
"Sinequa",0,50,,100000000,250,2002,24,1,0,,,,400,3,1,1,0,0,3,141,0,168,0,0,,1,,109,[object Object],[object Object],[object Object],5,0,0,0,0,22,0,,,1,1,875708,1,0,0,43
"Skild AI",0,,14000,1500000000,65,2023,3,3,1,4,,11538,23077,2,2,9,1,5,4,114,168,105,0,3,2,0,,0,,5,1,0,0,0,0,0,,,1,0,,1,0,0,82
"Skydio",0,100,2200,340000000,550,2014,12,2,1,6,22,19,618,3,0,3,1,3,3,114,74,21,0,3,32,1,,8,[object Object],[object Object],[object Object],5,67,1,4544,0,0,0,,,1,1,66221,1,0,0,51
"Skylo",0,15,,116000000,175,2017,9,2,1,4,,12,663,3,0,2,1,1,3,114,33,5,0,1,56,0,,0,,5,8,1,572,0,0,0,,,1,1,623075,1,0,0,39
"Slingshot Aerospace",0,20,,85000000,125,2017,9,2,1,3,,15,680,2,1,2,0,0,3,114,3,17,0,0,44,1,,0,,5,3,0,0,0,0,0,,,1,0,,1,0,0,54
"Snapsheet",0,40,,90000000,225,2011,15,1,6,4,,6,400,3,1,3,0,0,3,49,0,11,0,0,68,1,,1,[object Object],[object Object],[object Object],5,0,0,0,0,0,0,,,1,1,513269,1,0,0,30
"Snorkel AI",0,,,135000000,125,2019,7,2,1,,,,1080,0,0,4,1,2,0,114,39,0,0,2,,1,,6402,[object Object],[object Object],[object Object],5,13,0,0,0,0,0,,,1,1,426101,1,0,0,55
"Snowflake",0,,,2000000000,7500,2012,14,2,3,,,,267,0,0,3,1,1,0,86,17,0,11,0,,0,,0,,5,1077,1,15283,0,27,0,,,1,1,3839,3,0,0,30
"Snyk",0,200,7400,849000000,1300,2015,11,2,7,6,37,15,653,4,0,4,1,4,3,28,99,242,0,3,44,1,,1663,[object Object],[object Object],[object Object],5,316,1,2787,0,0,0,,,1,1,13578,1,0,0,46
"Socure",0,200,4500,794000000,650,2012,14,2,6,6,22.5,28,1222,3,2,3,1,2,4,49,75,15,0,1,44,1,,4,[object Object],[object Object],[object Object],5,5,0,0,0,0,1,5,3,1,1,41703,1,0,0,44
"Sofar Ocean",0,20,,115000000,125,2016,10,1,1,4,,21,920,2,1,2,1,1,3,114,15,5,0,0,44,1,,18,[object Object],[object Object],[object Object],5,0,1,64,0,0,0,,,1,1,123091,1,0,0,36
"Soundraw",0,5,,3000000,20,2020,6,2,2,,,,150,3,3,1,0,0,3,104,0,11,0,0,,1,,0,[object Object],5,2,0,0,0,0,1,4.59,32,1,1,78062,1,0,0,58
"Sourcegraph",0,,2600,223000000,350,2013,13,1,4,5,,11,637,3,0,3,1,3,3,78,123,118,0,3,56,1,,10,[object Object],[object Object],[object Object],5,517,1,2327,0,0,0,,,1,1,37457,2,0,0,31
"SparkCognition",0,80,,300000000,350,2013,13,1,1,5,,15,857,3,3,3,1,1,2,114,16,7,0,0,56,1,,0,[object Object],[object Object],[object Object],5,6,0,0,0,0,0,,,1,1,577081,1,0,0,28
"Speak",0,,1000,100000000,125,2016,10,2,2,4,,40,800,3,1,3,1,2,4,104,30,94,0,1,20,1,,16,[object Object],[object Object],[object Object],5,4026,1,1024,0,1,0,,,1,1,221249,1,0,0,56
"Speechmatics",0,30,,62000000,125,2006,20,1,4,3,,16,496,3,2,3,0,0,3,78,1,104,0,0,32,1,,64,[object Object],[object Object],[object Object],5,13,1,607,0,105,0,,,1,1,147004,1,0,0,45
"Spellbook",0,8,,20000000,60,2020,6,2,6,2,,10,333,3,2,3,0,0,2,49,0,113,0,0,32,1,,15,[object Object],[object Object],[object Object],5,29,1,384,0,0,0,,,1,1,129613,1,0,0,57
"Spire Global",0,100,1600,300000000,450,2012,14,2,1,,16,,667,3,1,2,1,1,3,114,11,17,0,0,,1,,58,[object Object],[object Object],[object Object],5,1,1,1793,0,0,0,,,1,1,239857,1,0,0,43
"Splash",0,10,,35000000,60,2017,9,1,2,3,,18,583,2,1,2,0,0,3,104,3,37,0,0,32,0,,0,,5,533,1,1379,0,0,0,,,1,0,,1,0,0,53
"Spline",0,8,,20000000,40,2020,6,2,2,2,,16,500,3,0,2,1,1,3,104,29,54,0,0,32,1,,3,[object Object],[object Object],5,74,1,419,0,0,0,,,1,1,38996,1,0,0,53
"Spotnana",0,20,500,115000000,225,2020,6,1,0,3,25,12,511,3,0,3,0,0,3,141,6,106,0,0,44,0,,0,,5,0,0,0,0,0,0,,,1,1,121382,1,0,0,49
"Squirrel AI",0,100,,150000000,2000,2014,12,1,2,,,,75,3,0,3,0,0,1,104,0,1,0,0,,0,,0,,5,3,1,898,0,0,0,,,1,0,,1,0,0,33
"Stability AI",0,,,173000000,175,2020,6,0,3,,,,989,0,0,3,1,1,0,86,28,0,1,0,,1,,2608,[object Object],[object Object],[object Object],5,223,1,8138,0,0,0,,,1,1,19103,1,0,0,42
"Stampli",0,30,,93000000,225,2014,12,2,6,5,,9,413,3,2,3,1,1,3,49,36,70,0,0,44,1,,0,,5,0,0,0,0,0,0,,,1,1,95858,1,0,0,35
"Statsig",1,,1100,153000000,75,2021,5,2,4,,,,2040,0,0,0,0,0,0,78,0,0,0,0,,1,,0,,5,30,0,0,0,0,0,,,1,1,7400,1,0,0,80
"Stitch Fix",0,1600,,42000000,4500,2011,15,1,2,,,,9,2,0,2,1,1,3,104,11,24,0,0,,1,,1022,[object Object],[object Object],[object Object],5,86,1,3431,0,0,0,,,1,1,16890,1,0,0,20
"Strava",0,100,,110000000,350,2009,17,1,2,6,,5,314,3,0,3,1,1,4,104,49,90,0,2,68,1,,7,[object Object],[object Object],[object Object],5,389,1,12943,0,0,0,,,1,1,2040,1,0,0,23
"Stripe",0,1000,50000,8700000000,7500,2010,16,1,6,,50,36,1160,3,0,4,1,3,1,49,141,4,4,5,32,1,,102,[object Object],[object Object],[object Object],5,5258,1,1632,0,0,0,,,1,1,259,1,0,0,49
"SudoLang",0,0.5,,500000,8,2023,3,1,4,,,,63,2,1,1,0,0,3,78,2,9,0,0,,1,,0,,2,6,0,0,0,0,0,,,1,0,,1,0,0,45
"Sudowrite",0,5,,3000000,12,2020,6,1,2,1,,4,250,3,1,2,1,2,2,104,79,6,0,2,56,1,,0,[object Object],[object Object],5,19,0,0,0,0,0,,,1,1,65550,1,0,0,29
"Suno",0,,,125000000,35,2023,3,3,2,,,,3571,0,0,3,0,0,0,104,10,0,0,0,,1,,0,,5,181,1,597,0,0,0,,,1,1,11730,1,0,0,90
"Supabase",0,20,500,116000000,125,2020,6,3,4,3,25,21,928,3,2,3,1,3,3,78,78,17,0,0,44,1,,1469,[object Object],[object Object],[object Object],5,1243,0,0,0,0,0,,,1,1,6118,2,0,1,57
"Superagent",0,0.5,,4000000,12,2023,3,3,4,1,,10,333,2,1,2,1,1,3,78,41,21,0,0,32,1,,0,[object Object],[object Object],[object Object],5,24,1,163,0,0,0,,,1,0,,1,0,1,56
"Superhuman",0,40,825,108000000,125,2014,12,2,0,4,20.6,15,864,3,0,3,1,2,3,141,61,189,0,3,56,1,,3,[object Object],[object Object],[object Object],5,536,1,4769,0,0,0,,,1,1,17421,1,0,0,43
"Synthesia",0,,4000,536000000,280,2017,9,2,2,6,,957,1914,0,0,5,1,2,0,104,61,0,0,1,2,0,,0,,5,42,1,949,0,85,0,,,1,1,11669,1,0,0,66
"Synthesis AI",0,8,,24000000,60,2019,7,2,3,2,,7,400,2,0,2,0,0,3,86,0,31,0,0,56,1,0,0,[object Object],5,1,0,0,0,0,0,,,1,0,,1,0,0,48
"Synthflow",0,,50,10000000,30,2023,3,3,2,1,,17,333,2,1,1,1,1,3,104,41,12,0,0,20,1,,0,,5,3,0,0,0,0,0,,,1,1,398987,1,0,0,61
"Syte",0,15,,71000000,125,2015,11,1,0,4,,10,568,3,1,2,0,0,3,141,2,7,0,0,56,0,,0,,5,6,0,0,0,0,0,,,1,1,847278,1,0,0,39
"Tabnine",0,,,55000000,125,2018,8,2,4,,,,440,0,0,3,1,1,0,78,14,0,0,1,,1,,45,[object Object],[object Object],[object Object],5,48,1,2044,0,0,0,,,1,1,20540,1,0,0,42
"Tala Health",0,,1200,100000000,30,2025,1,2,5,1,,417,3333,3,1,1,0,0,3,51,0,36,0,0,8,1,,0,,5,0,0,0,0,0,0,,,1,0,,1,0,0,84
"Talkdesk",0,200,10000,498000000,1650,2011,15,1,0,5,50,5,302,3,0,3,0,0,3,141,4,116,0,0,56,1,,1,[object Object],[object Object],[object Object],5,27,0,0,0,0,0,,,1,1,47054,2,0,0,39
"Taranis",0,25,,100000000,175,2015,11,2,1,5,,10,571,3,2,2,0,0,3,114,1,12,0,0,56,0,,0,,5,8,1,10545,0,0,0,,,1,0,,1,0,0,46
"Tastewise",0,15,,64000000,125,2017,9,2,2,4,,16,512,2,0,3,0,0,3,104,0,4,0,0,32,1,0,0,[object Object],[object Object],[object Object],5,0,0,0,0,0,0,,,1,1,473240,1,0,0,63
"Tavus",0,,150,36000000,50,2020,6,2,2,2,,36,720,2,2,2,1,2,3,104,92,82,0,3,20,0,,0,,5,8,1,65,0,0,0,,,1,1,273541,1,0,0,62
"Tecton",0,30,1000,160000000,175,2019,7,1,3,4,33.3,21,914,3,0,3,1,3,3,86,111,39,0,5,44,0,,0,,5,27,1,80,0,0,0,,,1,1,46237,2,0,0,48
"Tempo",0,,,300000000,20,2015,11,0,2,4,,268,15000,3,1,3,1,3,1,104,83,2,0,3,56,0,,0,,5,209,1,23921,0,0,0,,,1,1,295326,1,0,0,37
"Tempus",0,,,1300000000,2750,2015,11,2,5,,,,473,0,0,4,0,0,0,51,13,0,0,0,,0,,0,,5,37,1,291,0,882,0,,,1,1,203917,1,0,0,53
"Tenstorrent",0,,,337000000,350,2016,10,3,3,4,,30,963,3,0,3,0,0,1,86,13,1,0,2,32,1,,67,[object Object],[object Object],[object Object],5,91,1,1008,0,0,0,,,1,1,458298,1,0,0,67
"Terradepth",0,5,,26000000,50,2018,8,1,1,2,,12,520,2,2,2,1,2,3,114,26,9,0,0,44,0,,0,,5,1,0,0,0,0,0,,,1,0,,1,0,0,35
"TestFit",0,10,,22000000,60,2015,11,1,1,2,,7,367,2,0,2,0,0,3,114,2,16,0,0,56,0,,0,,5,3,0,0,0,0,0,,,1,0,,1,0,0,34
"Textio",0,30,,42000000,125,2014,12,1,0,3,,4,336,3,1,2,0,0,3,141,6,28,0,0,80,1,,0,,5,23,0,0,0,0,0,,,1,1,64615,1,0,0,33
"Thinking Machines Lab",0,,50000,2000000000,75,2025,1,3,3,1,,3333,26667,3,2,7,1,3,1,86,95,2,0,3,8,0,,0,,5,26,1,16333,0,0,0,,,1,1,359904,1,0,0,78
"ThoughtSpot",0,,4200,743000000,900,2012,14,1,3,6,,15,826,4,0,5,1,2,4,86,83,146,0,5,56,1,,3,[object Object],[object Object],[object Object],5,17,1,1866,0,0,0,,,1,1,85830,2,0,0,36
"Tipalti",0,200,8300,270000000,950,2010,16,1,6,6,41.5,5,284,3,0,3,1,1,3,49,1,74,0,0,56,1,,28,[object Object],[object Object],5,3,1,3615,0,0,0,,,1,1,48556,2,0,0,23
"tl;dv",0,5,,4500000,40,2020,6,3,0,1,,3,113,3,2,2,0,0,3,141,4,22,0,0,44,0,,0,,5,4,0,0,0,0,0,,,1,1,59688,1,0,0,56
"Together AI",0,,3300,534000000,125,2022,4,3,3,3,,329,4272,0,0,3,1,2,0,86,52,0,0,3,13,1,,24,[object Object],[object Object],[object Object],5,30,0,0,0,0,0,,,1,1,63799,1,0,0,75
"Tome",0,,600,81000000,65,2020,6,2,2,3,,39,1246,3,2,3,1,3,4,104,65,225,0,2,32,0,,0,,5,95,1,456,0,0,0,,,1,1,69255,1,0,0,61
"Tonal",0,100,1600,450000000,350,2015,11,0,2,6,16,23,1286,3,1,3,0,0,3,104,0,15,0,0,56,0,,0,,5,45,1,186,0,0,0,,,1,1,32410,1,0,0,42
"Tonic.ai",0,15,,45000000,90,2018,8,2,3,3,,11,500,3,2,2,1,1,3,86,20,16,0,1,44,1,,0,[object Object],[object Object],[object Object],5,53,0,0,0,0,0,,,1,1,640010,1,0,0,40
"Torc Robotics",0,,,0,650,2005,21,2,1,,,,,3,0,1,0,0,1,114,0,1,0,0,,0,,0,,5,5,1,728,0,116,0,,,1,1,992298,1,0,0,56
"Torch Health",1,,80,0,,2023,3,,5,,,,,0,0,0,0,0,0,51,0,0,0,0,,1,,0,,5,2,0,0,0,0,0,,,1,0,,0,0,0,84
"Trace Genomics",0,8,,30000000,50,2015,11,1,1,3,,11,600,2,0,2,0,0,3,114,1,12,0,0,56,0,,0,,5,1,0,0,0,0,0,,,1,0,,1,0,0,38
"Tractable",0,30,1000,115000000,225,2014,12,2,6,6,33.3,9,511,3,0,3,1,1,3,49,33,10,0,0,56,1,,0,[object Object],5,44,1,262,0,0,0,,,1,0,,1,0,0,37
"Tractian",0,,500,120000000,450,2019,7,2,1,4,,13,267,3,3,2,0,0,4,114,10,8,0,1,20,1,,39,[object Object],[object Object],[object Object],5,2,0,0,0,0,0,,,1,1,117497,1,0,0,60
"TravelPerk",0,200,1400,530000000,1250,2015,11,2,0,5,7,10,424,3,1,3,1,1,3,141,34,40,0,1,44,1,,0,[object Object],[object Object],[object Object],5,10,1,935,0,0,0,,,1,1,23787,1,0,0,36
"Tray.io",0,40,,107000000,250,2012,14,2,0,4,,6,428,3,2,3,1,1,3,141,17,72,0,2,68,1,,34,[object Object],[object Object],[object Object],5,22,0,0,0,0,0,,,1,1,33092,1,0,0,31
"Truecaller",0,150,2000,100000000,450,2009,17,1,2,,13.3,,222,2,0,2,1,1,3,104,49,73,0,2,,1,,120,[object Object],[object Object],[object Object],5,83,1,14989,0,0,0,,,1,1,2178,1,0,0,26
"Typeface",0,20,1000,165000000,175,2022,4,3,0,3,50,29,943,3,2,4,1,2,3,141,50,211,0,2,32,0,,0,,5,549,1,12413,0,0,0,,,1,1,448255,1,0,0,68
"Typeform",0,,1000,187000000,550,2012,14,1,0,4,,6,340,3,0,3,1,1,4,141,33,95,0,0,56,1,,32,[object Object],[object Object],[object Object],5,379,1,122,0,0,1,4.86,492,1,1,621,1,0,0,24
"Typesense",0,2,,1500000,12,2019,7,2,4,1,,2,125,3,2,1,0,0,3,78,0,21,0,0,68,1,,51,[object Object],[object Object],[object Object],4,57,0,0,0,0,0,,,1,1,267070,1,0,0,41
"Udio",0,,,10000000,20,2023,3,3,2,,,,500,0,0,3,1,1,0,104,31,0,0,2,,0,,0,,5,51,1,7074,0,0,1,4.58,1723,1,1,50782,1,0,0,60
"UiPath",0,,,2100000000,2800,2005,21,1,0,,,,750,0,0,3,1,2,0,141,46,0,3,0,,1,,37,[object Object],[object Object],[object Object],5,48,1,9939,0,0,0,,,1,1,10901,2,0,0,35
"Umbra",0,20,,95000000,125,2015,11,2,1,3,,17,760,3,1,2,0,0,3,114,0,15,0,0,44,0,,0,,5,40,1,555,0,0,0,,,1,0,,1,0,0,55
"Unbabel",0,25,,91000000,250,2013,13,1,0,4,,7,364,3,2,3,0,0,3,141,4,111,0,0,56,1,,28,[object Object],[object Object],[object Object],5,78,1,765,0,0,0,,,1,1,104349,2,0,0,35
"Unconventional AI",0,,4500,500000000,,2025,1,,3,2,,,,3,2,1,0,0,3,86,2,29,0,0,8,0,,0,,5,1,0,0,0,0,0,,,1,0,,1,0,0,82
"Unify",0,,75,15000000,22,2023,3,3,4,1,,34,682,2,0,2,1,2,3,78,87,26,0,3,20,1,,0,[object Object],[object Object],[object Object],5,302,1,51,0,0,0,,,1,0,,1,0,1,68
"Uniphore",0,,2500,610000000,600,2008,18,2,0,6,,127,1017,3,0,3,0,0,4,141,18,106,0,1,8,1,,0,[object Object],[object Object],5,3,1,1766,0,0,0,,,1,1,171672,1,0,0,68
"Unit",0,50,1200,170000000,225,2019,7,1,6,4,24,24,756,3,0,3,1,1,3,49,29,16,0,0,32,1,,0,,5,5699,1,2612,0,9397,0,,,1,1,180959,1,0,0,46
"Unstructured",0,,,40000000,40,2022,4,3,3,,,,1000,0,0,2,0,0,0,86,5,0,0,0,,0,,0,,5,629,0,0,0,0,0,,,1,1,287054,1,0,0,82
"Uptake",0,100,2300,290000000,350,2014,12,1,1,5,23,8,829,3,2,3,0,0,2,114,6,13,0,0,104,1,,130,[object Object],[object Object],[object Object],5,173,1,173,0,0,1,5,5,1,1,562541,1,0,0,40
"Utilidata",0,20,,70000000,100,2012,14,2,1,3,,22,700,2,0,2,1,1,3,114,31,14,0,1,32,1,,4,[object Object],5,1,0,0,0,0,0,,,1,0,,1,0,0,48
"Vanta",0,,,203000000,800,2018,8,3,7,,,,254,0,0,3,1,2,0,28,60,0,0,0,,0,,0,,5,38,1,303,0,0,1,5,6,1,1,19428,1,0,1,47
"Vapi",0,,100,20000000,22,2023,3,3,2,1,,45,909,2,1,1,1,1,3,104,41,85,0,0,20,1,,0,[object Object],[object Object],[object Object],5,33,1,4973,0,0,0,,,1,1,104432,1,0,1,69
"VAST Data",0,,9100,400000000,,2016,10,,3,6,,,,3,0,3,1,1,4,86,42,49,0,2,20,1,,0,,5,21,1,2401,0,0,0,,,1,1,75980,1,0,0,52
"Vast.ai",0,20,,5000000,25,2018,8,2,3,,,,200,3,2,1,0,0,2,86,2,15,0,0,,1,,32,[object Object],[object Object],[object Object],5,23,0,0,0,0,0,,,1,1,40113,1,0,0,52
"Vectara",0,10,,50000000,60,2021,5,1,3,2,,26,833,3,2,3,0,0,3,86,1,31,0,0,32,1,,196,[object Object],[object Object],[object Object],5,44,0,0,0,0,0,,,1,1,612867,1,0,0,59
"Vectra AI",0,150,1200,350000000,,2012,14,,7,6,8,,,3,1,3,1,1,3,28,17,21,0,1,44,0,,0,,5,1,1,1258,0,0,0,,,1,1,29674,1,0,0,20
"Veed.io",0,30,,45000000,125,2018,8,2,2,2,,8,360,3,2,2,1,2,3,104,87,55,0,2,44,1,,0,,5,65,0,0,0,0,1,4.85,18160,1,1,9695,1,0,0,43
"Veo Robotics",0,15,,78000000,,2016,10,,1,3,,,,3,0,3,1,2,3,114,34,7,0,1,56,0,,0,,5,2,1,12178,0,0,0,,,1,0,,1,0,0,27
"Verbit",0,200,2000,550000000,550,2017,9,1,0,6,10,23,1000,3,0,3,0,0,3,141,10,15,0,1,44,0,,0,,5,2,0,0,0,0,1,5,1,1,1,329969,1,0,0,47
"Vercel",0,100,2500,613000000,450,2015,11,2,4,5,25,31,1362,3,1,4,1,2,3,78,55,121,1,1,44,1,,89,[object Object],[object Object],[object Object],5,4464,1,11926,0,0,0,,,1,1,5504,1,0,0,47
"Verdant Robotics",0,,,46000000,,2018,8,,1,2,,,,3,1,3,0,0,3,114,1,12,0,0,32,0,,0,,5,0,0,0,0,0,0,,,1,0,,2,0,0,65
"Vic.ai",0,20,,95000000,125,2016,10,2,6,4,,17,760,3,1,3,0,0,3,49,4,37,0,0,44,0,,0,,5,0,0,0,0,0,1,5,12,1,1,520337,1,0,0,53
"Virta Health",0,100,,247000000,450,2014,12,1,5,6,,12,549,3,1,2,1,1,3,51,38,11,0,2,44,1,,0,[object Object],[object Object],[object Object],5,6,0,0,0,0,0,,,1,1,110444,1,0,0,30
"Viz.ai",0,,,252000000,350,2016,10,2,5,,,,720,0,0,3,1,2,0,51,77,0,0,1,,0,,0,,5,0,0,0,0,0,0,,,1,1,116202,1,0,0,48
"VTS",0,100,1700,300000000,550,2012,14,1,1,6,17,12,545,3,0,3,1,1,3,114,36,8,0,0,44,0,,0,,5,23,1,136,0,0,0,,,1,1,155389,1,0,0,32
"Vue.ai",0,15,,30000000,125,2016,10,2,0,3,,4,240,2,2,2,0,0,3,141,3,118,0,0,56,0,,0,,5,0,0,0,0,0,0,,,1,1,232766,1,0,0,42
"Waymo",0,,30000,5500000000,2800,2009,17,2,1,,,,1964,3,2,4,1,2,1,114,96,1,0,4,,1,,0,,5,1701,1,71007,0,0,1,4.97,184072,1,1,22219,2,0,0,54
"Weaviate",0,,,68000000,100,2019,7,3,4,,,,680,0,0,3,1,1,0,78,21,0,0,0,,1,,152,[object Object],[object Object],[object Object],5,228,0,0,0,0,0,,,1,1,172227,1,0,0,57
"Weights & Biases",0,,,250000000,350,2017,9,2,4,,,,714,0,0,3,1,2,0,78,56,0,1,0,,1,,37,[object Object],[object Object],[object Object],5,20,1,10709,0,0,0,,,1,1,27479,1,0,0,52
"WellSaid Labs",0,15,,30000000,70,2018,8,1,2,3,,10,429,3,1,3,0,0,3,104,1,122,0,0,44,0,,0,,5,2,0,0,0,0,0,,,1,1,257482,1,0,0,44
"WeRide",0,,,1400000000,800,2017,9,2,1,,,,1750,0,0,3,0,0,0,114,0,0,0,0,,1,,0,[object Object],5,11,1,2510,0,0,0,,,1,1,439269,0,0,0,76
"Whoop",0,200,3600,405000000,550,2012,14,1,2,6,18,17,736,3,1,3,1,2,3,104,48,89,0,1,44,0,,0,,5,54,1,207,0,0,1,4.49,12072,1,1,6355,1,0,0,34
"Windsurf",1,,2400,150000000,100,2021,5,3,4,3,,75,1500,3,1,3,1,3,3,78,87,173,0,3,20,0,,0,,5,307,1,7944,0,0,1,4.76,1481,1,1,4824,1,0,0,71
"Windward",0,30,,70000000,175,2010,16,2,1,5,,7,400,2,0,2,0,0,3,114,2,5,0,0,56,0,,0,,5,14,1,7081,0,251,1,4.6,20,1,1,524013,1,0,0,41
"Wiz",1,350,32000,32000000000,1350,2020,6,3,7,,91.4,,23704,3,1,5,1,3,2,28,122,4,0,2,,0,,0,,5,259,1,653,0,0,0,,,1,1,15743,1,0,0,71
"Wonderful",0,,700,100000000,40,2025,1,2,3,2,,313,2500,3,3,1,1,1,3,86,20,76,0,0,8,0,,0,,5,1214,1,471,0,0,0,,,1,0,,1,0,0,69
"Workato",0,150,5700,221000000,1100,2013,13,2,0,6,38,4,201,3,2,3,1,2,3,141,34,201,1,0,56,1,0,1,[object Object],[object Object],[object Object],5,8,1,2162,0,0,1,0,0,1,1,24925,1,0,0,36
"World Labs",0,,1000,230000000,40,2024,2,3,3,1,,288,5750,2,2,3,1,1,4,86,67,109,0,4,20,1,,0,,5,22,0,0,0,0,0,,,1,1,295629,1,0,0,77
"Writer",0,,1900,369000000,175,2020,6,2,0,4,,132,2109,0,0,6,1,2,0,141,26,0,0,1,16,1,,45,[object Object],[object Object],[object Object],5,2648,1,14235,0,0,0,,,1,1,39966,1,0,0,66
"Writesonic",0,20,,2600000,60,2021,5,1,0,1,,1,43,3,2,1,1,1,1,141,41,3,0,0,56,1,,458,[object Object],[object Object],[object Object],5,11,1,3503,0,0,0,,,1,1,22121,1,0,1,25
"xAI",1,,230000,22000000000,150,2023,3,3,3,4,,73333,146667,0,0,5,1,3,0,86,133,0,0,3,2,1,,72032,[object Object],[object Object],[object Object],5,572,1,357,0,0,1,4.59,10524221,1,1,5352,2,0,0,81
"xBlue",0,1,,5000000,20,2021,5,2,1,1,,8,250,2,1,1,0,0,3,114,0,3,0,0,32,0,,0,,0,0,1,5,0,0,1,5,2,1,0,,1,0,0,61
"XpertSea",0,5,,25000000,60,2015,11,2,1,3,,7,417,2,2,2,0,0,3,114,3,9,0,0,56,1,,0,[object Object],[object Object],[object Object],5,0,0,0,0,0,0,,,1,0,,1,0,0,44
"XtalPi",0,50,1900,700000000,600,2014,12,2,5,5,38,21,1167,3,1,3,1,1,2,51,34,2,0,1,56,1,,0,,5,2,1,796,0,0,0,,,1,0,,1,0,0,41
"Yellow.ai",0,30,,102000000,850,2016,10,3,0,4,,2,120,3,3,2,0,0,3,141,9,14,0,1,56,0,,0,,5,0,1,1654,0,0,0,,,1,1,30079,1,0,0,47
"Yotpo",0,150,1400,406000000,650,2011,15,1,0,6,9.3,11,625,3,1,3,1,2,3,141,52,15,0,1,56,1,,0,,5,15,0,0,0,0,0,,,1,1,2607,1,0,0,27
"You.com",0,10,,45000000,70,2020,6,2,2,3,,20,643,3,1,2,0,0,3,104,6,76,0,0,32,0,,0,,5,745,1,3755,0,0,0,,,1,1,21620,1,0,0,66
"Zapata AI",0,,100,70000000,100,2017,9,2,3,8,,35,700,3,0,4,0,0,4,86,4,181,0,0,20,0,,0,,5,1,0,0,0,0,0,,,1,0,,1,0,0,68
"Zapier",0,200,5000,169000000,850,2011,15,2,0,3,25,4,199,3,1,3,1,1,3,141,47,180,4,2,56,1,,808,[object Object],[object Object],[object Object],5,860,1,9723,0,0,0,,,1,1,3010,2,0,0,33
"Zendesk",1,1700,10200,0,5500,2007,19,1,0,,6,,,3,1,2,0,0,1,141,1,2,5,0,,1,,10,[object Object],[object Object],[object Object],5,543,1,9226,0,0,0,,,1,1,434,1,0,0,35
"ZoomInfo",0,1300,,300000000,3700,2000,26,1,0,,,,81,3,1,1,0,0,1,141,2,1,4,0,,1,,14,[object Object],[object Object],[object Object],5,32,1,7311,0,0,1,4.6,932,1,1,3723,1,0,0,31
"Zoox",1,,1300,1300000000,1500,2014,12,2,1,,,,867,3,2,1,0,0,1,114,0,1,0,0,,0,,0,,5,135,1,9532,0,0,1,4.96,7635,1,1,124905,1,0,0,62